Name,Status,Transcription,Native,Population 2001,Population 2011,Population 2021
Achham,District,Achāma,अछाम जिल्ला,"231,285","257,477","228,852"
Bannigadhi Jaygadh,Rural Municipality,Bānnigaḍhī Jayagaḍha,बान्निगढी जयगढ गाउँपालिका,"17,102","17,426","13,519"
Chaurpati,Rural Municipality,Caurapāṭī,चौरपाटी गाउँपालिका,"23,323","25,215","21,681"
Dhakari,Rural Municipality,Ḍhakārī,ढकारी गाउँपालिका,...,"21,570","21,998"
Kamalbazar,Municipality,Kamalabajāra,कमलबजार नगरपालिका,...,"23,770","21,032"
Khaptad National Park,National Park,Khaptaḍa Rāṣṭriya Nikuñja,खप्तड राष्ट्रिय निकुञ्ज,0,0,0
Mangalsen,Municipality,Maṅgalasēna,मंगलसेन नगरपालिका,...,"33,191","26,557"
Mellekh,Rural Municipality,Mēllēkha,मेल्लेख गाउँपालिका,"21,219","24,728","22,785"
Panchadewal Binayak,Municipality,Pañcadēvala Vināyaka,पञ्चदेवल विनायक नगरपालिका,...,"27,495","26,088"
Ramaroshan,Rural Municipality,Rāmārōśana,रामारोशन गाउँपालिका,"20,749","25,172","23,600"
Sanphebagar,Municipality,Sā̃phēbagara,साँफेबगर नगरपालिका,...,"34,128","25,891"
Turmakhad,Rural Municipality,Turmākhā̃da,तुर्माखाँद गाउँपालिका,"21,520","24,782","24,574"
Arghakhanchi,District,Arghākhā̃cī,अर्घाखाँची जिल्ला,"208,391","197,632","177,086"
Bhumikasthan,Municipality,Bhūmikāsthāna,भूमिकास्थान नगरपालिका,"35,250","32,640","28,192"
Chhatradev,Rural Municipality,Chatradēva,छत्रदेव गाउँपालिका,...,"25,343","21,611"
Malarani,Rural Municipality,Mālārānī,मालारानी गाउँपालिका,...,"28,044","24,150"
Panini,Rural Municipality,Pāṇinī,पाणिनी गाउँपालिका,...,"26,432","22,291"
Sandhikharka,Municipality,Sandhikharka,सन्धिखर्क नगरपालिका,...,"41,772","42,492"
Shitaganga,Municipality,Śitagaṅgā,शितगंगा नगरपालिका,"44,679","43,401","37,691"
Baglung,District,Bāgaluṅa,बागलुङ जिल्ला,"268,937","268,613","249,211"
Badigad,Rural Municipality,Vaḍigāḍa,वडिगाड गाउँपालिका,"29,618","30,906","28,839"
Baglung,Municipality,Bāgaluṅa,बागलुङ नगरपालिका,...,"59,192","56,102"
Bareng,Rural Municipality,Varēṅa,वरेङ गाउँपालिका,"16,678","14,511","11,158"
Dhorpatan,Municipality,Ḍhōrapāṭana,ढोरपाटन नगरपालिका,...,"26,438","30,068"
Dhorpatan Hunting Reserve,Hunting Reserve,Ḍhōrapāṭana Śikāra Ārakṣa,ढोरपाटन शिकार आरक्ष,0,0,0
Galkot,Municipality,Galkōṭa,गल्कोट नगरपालिका,"35,893","33,330","30,588"
Jaimini,Municipality,Jaiminī,जैमिनी नगरपालिका,"36,392","32,069","24,628"
Kathekhola,Rural Municipality,Kāṭhēkhōlā,काठेखोला गाउँपालिका,...,"26,174","22,526"
Nisikhola,Rural Municipality,Nisīkhōlā,निसीखोला गाउँपालिका,...,"23,325","23,119"
Taman Khola,Rural Municipality,Tamānakhōlā,तमानखोला गाउँपालिका,"11,103","10,659","9,982"
Tara Khola,Rural Municipality,Tārākhōlā,ताराखोला गाउँपालिका,"12,754","12,009","10,120"
Baitadi,District,Baitaḍī,बैतडी जिल्ला,"234,418","250,898","242,157"
Dasharathchand,Municipality,Daśarathacanda,दशरथचन्द नगरपालिका,...,"35,211","31,567"
Dilashaini,Rural Municipality,Ḍilāśainī,डिलाशैनी गाउँपालिका,"21,198","22,924","22,966"
Dogdakedar,Rural Municipality,Dōgaḍākēdāra,दोगडाकेदार गाउँपालिका,...,"24,632","23,104"
Melauli,Municipality,Mēlaulī,मेलौली नगरपालिका,...,"22,545","20,658"
Pancheshwar,Rural Municipality,Pañcēśvara,पञ्चेश्वर गाउँपालिका,...,"18,766","17,796"
Patan,Municipality,Pāṭana,पाटन नगरपालिका,"29,250","30,456","29,230"
Purchaudi,Municipality,Purcauḍī,पुर्चौडी नगरपालिका,"34,374","39,190","38,281"
Shivanath,Rural Municipality,Śivanātha,शिवनाथ गाउँपालिका,...,"17,115","18,064"
Sigas,Rural Municipality,Sigāsa,सिगास गाउँपालिका,...,"21,510","21,814"
Surnaya,Rural Municipality,Surnayā,सुर्नया गाउँपालिका,...,"18,549","17,945"
Bajhang,District,Bajhāṅa,बझाङ जिल्ला,"167,026","195,159","189,085"
Bitthadchir,Rural Municipality,Vitthaḍacira,वित्थडचिर गाउँपालिका,"14,164","17,163","17,812"
Bungal,Municipality,Buṅgala,बुंगल नगरपालिका,"27,284","33,224","33,812"
Chhabispathibhera,Rural Municipality,Chabisapāthibhērā,छबिसपाथिभेरा गाउँपालिका,"14,569","16,296","14,474"
Durgathali,Rural Municipality,Durgāthalī,दुर्गाथली गाउँपालिका,"12,022","12,980","11,318"
Jaya Prithvi,Municipality,Jayapr̥thvī,जयपृथ्वी नगरपालिका,"19,093","22,553","21,933"
Kedarsyu,Rural Municipality,Kēdārasyũ,केदारस्युँ गाउँपालिका,"18,490","21,316","21,312"
Khaptadchhanna,Rural Municipality,Khaptaḍachānnā,खप्तडछान्ना गाउँपालिका,"15,715","15,903","13,419"
Khaptad National Park,National Park,Khaptaḍa Rāṣṭriya Nikuñja,खप्तड राष्ट्रिय निकुञ्ज,0,0,0
Masta,Rural Municipality,Maṣṭā,मष्टा गाउँपालिका,"12,114","14,951","13,265"
Saipal [Kanda],Rural Municipality,Sāipāla,साइपाल गाउँपालिका,"1,715","2,193","2,625"
Surma,Rural Municipality,Sūrmā,सूर्मा गाउँपालिका,"6,523","9,033","11,082"
Talkot,Rural Municipality,Talakōṭa,तलकोट गाउँपालिका,"9,130","11,569","11,719"
Thalara,Rural Municipality,Thalārā,थलारा गाउँपालिका,"16,028","17,978","15,958"
Bajura,District,Bājurā,बाजुरा जिल्ला,"108,781","134,912","138,523"
Badimalika,Municipality,Baḍīmālikā,बडीमालिका नगरपालिका,...,"17,259","18,414"
Budhiganga,Municipality,Buḍhīgaṅgā,बुढीगंगा नगरपालिका,"18,697","21,700","20,185"
Budhinanda,Municipality,Buḍhīnandā,बुढीनन्दा नगरपालिका,...,"18,883","20,072"
Chhededaha,Rural Municipality,Chēḍēdaha,छेडेदह गाउँपालिका,"15,812","18,741","19,307"
Gaumul,Rural Municipality,Gaumula,गौमुल गाउँपालिका,...,"8,515","8,913"
Himali,Rural Municipality,Himālī,हिमाली गाउँपालिका,...,"9,229","10,309"
Jagannath [Pandav Gupha],Rural Municipality,Jagannātha,जगन्‍नाथ गाउँपालिका,...,"9,432","10,158"
Khaptad National Park,National Park,Khaptaḍa Rāṣṭriya Nikuñja,खप्तड राष्ट्रिय निकुञ्ज,0,0,0
Swamikartik Khapar,Rural Municipality,Svāmīkārtika Khāpara,स्वामीकार्तिक खापर गाउँपालिका,"10,889","12,790","12,576"
Triveni,Municipality,Trivēṇī,त्रिवेणी नगरपालिका,"14,938","18,363","17,798"
Banke,District,Bā̃kē,बाँके जिल्ला,"385,840","491,313","603,194"
Baijanath,Rural Municipality,Baijanātha,बैजनाथ गाउँपालिका,"45,481","54,987","69,472"
Duduwa,Rural Municipality,Ḍuḍuvā,डुडुवा गाउँपालिका,...,"37,533","43,135"
Janaki,Rural Municipality,Jānakī,जानकी गाउँपालिका,"31,447","37,847","46,141"
Khajura,Rural Municipality,Khajurā,खजुरा गाउँपालिका,"45,605","50,990","62,789"
Kohalpur,Municipality,Kōhalapura,कोहलपुर नगरपालिका,"41,999","72,748","101,667"
Narainapur,Rural Municipality,Naraināpura,नरैनापुर गाउँपालिका,"30,130","35,042","43,206"
Nepalganj,Sub-Metropolis,Nēpālagañja,नेपालगञ्ज उपमहानगरपालिका,...,"141,241","164,444"
Rapti Sonari,Rural Municipality,Rāptī Sōnārī,राप्ती सोनारी गाउँपालिका,"53,009","60,925","66,445"
Bara,District,Bārā,बारा जिल्ला,"559,135","687,708","763,137"
Adarsha Kotwal,Rural Municipality,Ādarśa Kōṭavāla,आदर्श कोटवाल गाउँपालिका,"21,590","27,552","31,364"
Baragadhi,Rural Municipality,Bārāgaḍhīgāũpālikā,बारागढीगाउँपालिका,...,"27,191","29,555"
Bishrampur,Rural Municipality,Viśrāmapura,विश्रामपुर गाउँपालिका,"18,912","23,814","24,892"
Devtal,Rural Municipality,Dēvatāla,देवताल गाउँपालिका,...,"23,011","25,361"
Jitpur Simara,Sub-Metropolis,Jītapura Simarā,जीतपुर सिमरा उपमहानगरपालिका,...,"118,398","127,307"
Kalaiya,Sub-Metropolis,Kalaiyā,कलैया उपमहानगरपालिका,...,"123,575","136,222"
Karaiyamai,Rural Municipality,Karaiyāmāī,करैयामाई गाउँपालिका,...,"26,496","29,165"
Kolhabi,Municipality,Kōlhavī,कोल्हवी नगरपालिका,"40,213","44,082","51,182"
Mahagadhimai,Municipality,Mahāgaḍhīmāī,महागढीमाई नगरपालिका,...,"52,396","59,424"
Nijgadh,Municipality,Nijagaḍha,निजगढ नगरपालिका,"30,693","35,403","37,687"
Pachrauta,Municipality,Pacarautā,पचरौता नगरपालिका,...,"34,194","40,524"
Parawanipur,Rural Municipality,Paravānīpura,परवानीपुर गाउँपालिका,...,"22,787","24,745"
Parsa Wildlife Reserve,Wildlife Reserve,Parsā Vanyajantu Ārakṣa,पर्सा वन्यजन्तु आरक्ष,0,0,0
Pheta,Rural Municipality,Phēṭā,फेटा गाउँपालिका,...,"25,653","28,395"
Prasauni,Rural Municipality,Prasaunī,प्रसौनी गाउँपालिका,...,"25,049","25,414"
Simraungadh,Municipality,Simraunagaḍha,सिम्रौनगढ नगरपालिका,...,"48,570","54,878"
Suwarna,Rural Municipality,Suvarṇa,सुवर्ण गाउँपालिका,...,"29,537","35,141"
Bardiya,District,Bardiyā,बर्दिया जिल्ला,"382,649","426,576","459,900"
Badhaiyatal,Rural Municipality,Baḍhaiyātāla,बढैयाताल गाउँपालिका,"42,892","47,948","52,818"
Bansgadhi,Municipality,Bā̃sagaḍhī,बाँसगढी नगरपालिका,"48,617","55,875","63,252"
Barbardiya,Municipality,Bārabardiyā,बारबर्दिया नगरपालिका,"59,737","68,031","72,533"
Bardiya National Park,National Park,Bardiyā Rāṣṭriya Nikuñja,बर्दिया राष्ट्रिय निकुञ्ज,0,0,0
Geruwa,Rural Municipality,Gēruvā,गेरुवा गाउँपालिका,"34,088","34,885","33,514"
Gulariya,Municipality,Gulariyā,गुलरिया नगरपालिका,"56,532","68,164","74,505"
Madhuwan,Municipality,Madhuvana,मधुवन नगरपालिका,"42,606","46,682","50,739"
Rajapur,Municipality,Rājāpura,राजापुर नगरपालिका,"58,820","59,818","60,831"
Thakurbaba,Municipality,Ṭhākurabābā,ठाकुरबाबा नगरपालिका,"38,601","45,173","49,420"
Bhaktapur,District,Bhaktapura,भक्तपुर जिल्ला,"225,461","304,651","432,132"
Bhaktapur,Municipality,Bhaktapura,भक्तपुर नगरपालिका,"72,543","83,658","79,136"
Changunarayan,Municipality,Cā̃gunārāyaṇa,चाँगुनारायण नगरपालिका,...,"58,006","88,083"
Madhyapur Thimi,Municipality,Madhyapura Thimī,मध्यपुर थिमी नगरपालिका,"47,751","84,142","119,756"
Suryabinayak,Municipality,Sūryavināyaka,सूर्यविनायक नगरपालिका,"55,744","78,845","140,085"
Bhojpur,District,Bhōjapura,भोजपुर जिल्ला,"203,018","182,459","157,923"
Aamchok,Rural Municipality,Āmacōka,आमचोक गाउँपालिका,"20,753","18,777","14,968"
Arun,Rural Municipality,Aruṇa,अरुण गाउँपालिका,"19,574","17,768","14,591"
Bhojpur,Municipality,Bhōjapura,भोजपुर नगरपालिका,...,"28,107","26,007"
Hatuwagadhi,Rural Municipality,Hatuvāgaḍhī,हतुवागढी गाउँपालिका,"24,252","20,543","16,175"
Pauwadungma,Rural Municipality,Pauvāduṅamā,पौवादुङमा गाउँपालिका,"17,976","15,414","12,107"
Ramprasad Rai,Rural Municipality,Rāmaprasāda Rāī,रामप्रसाद राई गाउँपालिका,"21,493","18,894","15,673"
Salpasilichho,Rural Municipality,Sālpāsilichō,साल्पासिलिछो गाउँपालिका,"13,870","13,111","12,284"
Shadananda,Municipality,Ṣaḍānanda,षडानन्द नगरपालिका,"33,560","31,612","29,342"
Tyamkemaiyung,Rural Municipality,Ṭēmkēmaiyuṅa,टेम्केमैयुङ गाउँपालिका,"22,027","18,233","15,464"
Chitwan,District,Citavana,चितवन जिल्ला,"472,048","579,984","719,859"
Bharatpur,Metropolis,Bharatapura,भरतपुर महानगरपालिका,"210,593","285,167","369,268"
Chitawan National Park,National Park,Citavana Rāṣṭriya Nikuñja,चितवन राष्ट्रिय निकुञ्ज,0,0,0
Ichchhakamana,Rural Municipality,Icchākāmanā,इच्छाकामना गाउँपालिका,"21,924","25,067","27,643"
Kalika,Municipality,Kālikā,कालिका नगरपालिका,...,"44,898","52,164"
Khairhani,Municipality,Khairahanī,खैरहनी नगरपालिका,"50,372","56,925","67,385"
Madi,Municipality,Māḍī,माडी नगरपालिका,"41,344","37,764","38,295"
Rapti,Municipality,Rāptī,राप्ती नगरपालिका,...,"59,937","66,617"
Ratnanagar,Municipality,Ratnanagara,रत्ननगर नगरपालिका,"58,824","70,226","89,905"
Dadeldhura,District,Ḍaḍēladhurā,डडेलधुरा जिल्ला,"126,162","142,094","139,602"
Aalital,Rural Municipality,Ālitāla,आलिताल गाउँपालिका,"14,157","18,531","18,112"
Ajaymeru,Rural Municipality,Ajayamēru,अजयमेरु गाउँपालिका,"17,503","17,066","15,161"
Amargadhi,Municipality,Amaragaḍhī,अमरगढी नगरपालिका,"18,390","22,241","24,149"
Bhageshwar,Rural Municipality,Bhāgēśvara,भागेश्वर गाउँपालिका,"13,356","14,132","13,132"
Ganyapadhura,Rural Municipality,Ganyāpadhurā,गन्यापधुरा गाउँपालिका,"14,277","15,109","13,722"
Navadurga,Rural Municipality,Navadurgā,नवदुर्गा गाउँपालिका,"17,987","19,985","18,672"
Parshuram,Municipality,Paraśurāma,परशुराम नगरपालिका,"30,093","35,030","35,590"
Dailekh,District,Dailēkha,दैलेख जिल्ला,"225,201","261,770","252,313"
Aathabis,Municipality,Āṭhabīsa,आठबीस नगरपालिका,"22,169","29,257","31,092"
Bhagawatimai,Rural Municipality,Bhagavatīmāī,भगवतीमाई गाउँपालिका,"15,887","18,778","18,206"
Bhairabi,Rural Municipality,Bhairavī,भैरवी गाउँपालिका,...,"21,233","18,767"
Chamunda Bindrasaini,Municipality,Cāmuṇḍā Bindrāsainī,चामुण्डा बिन्द्रासैनी नगरपालिका,"20,801","26,149","26,559"
Dullu,Municipality,Dullu,दुल्लु नगरपालिका,...,"41,540","39,143"
Dungeshwar,Rural Municipality,Ḍuṅgēśvara,डुङ्गेश्वर गाउँपालिका,"15,424","15,883","14,533"
Gurans,Rural Municipality,Gurā̃sa,गुराँस गाउँपालिका,"19,781","22,033","21,189"
Mahabu,Rural Municipality,Mahābu,महाबु गाउँपालिका,...,"19,277","18,059"
Narayan,Municipality,Nārāyaṇa,नारायण नगरपालिका,...,"27,922","26,111"
Naumule,Rural Municipality,Naumulē,नौमुले गाउँपालिका,"19,704","20,802","19,687"
Thantikandh,Rural Municipality,Ṭhā̃ṭīkā̃dha,ठाँटीकाँध गाउँपालिका,"14,801","18,896","18,301"
Dang Deukhuri,District,Dāṅa,दाङ जिल्ला,"462,380","552,583","674,993"
Babai,Rural Municipality,Babaī,बबई गाउँपालिका,"23,670","27,469","30,968"
Banglachuli,Rural Municipality,Baṅgalāculī,बंगलाचुली गाउँपालिका,...,"24,245","22,373"
Dangisharan,Rural Municipality,Daṅgīśaraṇa,दंगीशरण गाउँपालिका,"21,003","21,484","23,668"
Gadhawa,Rural Municipality,Gaḍhavā,गढवा गाउँपालिका,"34,724","38,663","45,898"
Ghorahi,Sub-Metropolis,Ghōrāhī,घोराही उपमहानगरपालिका,"125,119","158,628","200,530"
Lamahi,Municipality,Lamahī,लमही नगरपालिका,"38,632","48,012","59,050"
Rajpur,Rural Municipality,Rājapura,राजपुर गाउँपालिका,"21,564","25,061","28,346"
Rapti,Rural Municipality,Rāptī,राप्ती गाउँपालिका,...,"40,949","52,123"
Shantinagar,Rural Municipality,Śāntinagara,शान्तिनगर गाउँपालिका,"24,716","25,203","27,641"
Tulsipur,Sub-Metropolis,Tulsīpura,तुल्सीपुर उपमहानगरपालिका,"115,759","142,869","179,755"
Darchula,District,Dārculā,दार्चुला जिल्ला,"121,996","133,274","133,310"
Apihimal,Rural Municipality,Apihimāla,अपिहिमाल गाउँपालिका,...,"6,779","6,798"
Byans,Rural Municipality,Byā̃sa,ब्याँस गाउँपालिका,"10,346","10,347","9,668"
Duhun,Rural Municipality,Duhũ,दुहुँ गाउँपालिका,"10,607","10,818","9,842"
Lekam,Rural Municipality,Lēkama,लेकम गाउँपालिका,"15,137","14,838","13,743"
Mahakali,Municipality,Mahākālī,महाकाली नगरपालिका,...,"21,881","24,081"
Malikarjun,Rural Municipality,Mālikārjuna,मालिकार्जुन गाउँपालिका,"15,889","15,581","15,635"
Marma,Rural Municipality,Mārmā,मार्मा गाउँपालिका,...,"14,956","15,124"
Naugad,Rural Municipality,Naugāḍa,नौगाड गाउँपालिका,"13,143","15,874","15,528"
Shailyashikhar,Municipality,Śailyaśikhara,शैल्यशिखर नगरपालिका,"19,829","22,200","21,807"
Dhading,District,Dhādiṅa,धादिङ जिल्ला,"338,658","336,067","325,710"
Benighat Rorang,Rural Municipality,Bēnīghāṭa Rōrāṅga,बेनीघाट रोराङ्ग गाउँपालिका,"27,699","31,475","33,854"
Dhunibeshi,Municipality,Dhunivēśī,धुनिवेशी नगरपालिका,"31,029","31,029","29,149"
Gajuri,Rural Municipality,Gajurī,गजुरी गाउँपालिका,...,"27,841","28,634"
Galchhi,Rural Municipality,Galchī,गल्छी गाउँपालिका,...,"26,215","23,733"
Gangajamuna,Rural Municipality,Gaṅgājamunā,गङ्गाजमुना गाउँपालिका,"25,591","21,784","19,265"
Jwalamukhi,Rural Municipality,Jvālāmūkhī,ज्वालामूखी गाउँपालिका,"26,225","23,966","21,338"
Khaniyabas,Rural Municipality,Khaniyābāsa,खनियाबास गाउँपालिका,"13,530","12,749","10,287"
Netrawati Dabjong,Rural Municipality,Nētrāvatī Ḍabajōṅa,नेत्रावती डबजोङ गाउँपालिका,"15,699","12,870","11,310"
Nilkantha,Municipality,Nīlakaṇṭha,नीलकण्ठ नगरपालिका,"55,696","58,876","58,828"
Rubi Bhyali [Rubi Valley],Rural Municipality,Ruvī Bhyālī,रुवी भ्याली गाउँपालिका,"10,376","9,562","10,781"
Siddhalek,Rural Municipality,Siddhalēka,सिद्धलेक गाउँपालिका,"24,594","23,729","22,214"
Thakre,Rural Municipality,Thākrē,थाक्रे गाउँपालिका,...,"32,979","32,374"
Tripurasundari,Rural Municipality,Tripurāsundarī,त्रिपुरासुन्दरी गाउँपालिका,"25,096","22,992","21,937"
Dhankuta,District,Dhanakuṭā,धनकुटा जिल्ला,"166,479","163,412","150,599"
Chaubise,Rural Municipality,Cauvisē,चौविसे गाउँपालिका,"21,794","19,283","17,677"
Chhathar Jorpati,Rural Municipality,Chathara Jōrapāṭī,छथर जोरपाटी गाउँपालिका,"19,693","18,322","16,456"
Dhankuta,Municipality,Dhanakuṭā,धनकुटा नगरपालिका,"30,994","38,629","35,983"
Mahalaxmi,Municipality,Mahālakṣmī,महालक्ष्मी नगरपालिका,"26,324","24,800","22,182"
Pakhribas,Municipality,Pākhrībāsa,पाख्रीबास नगरपालिका,"24,273","22,078","19,104"
Sahidbhumi [Khalsachhintang Shahidbhumi],Rural Municipality,Sahidabhūmi,सहिदभूमि गाउँपालिका,"18,911","18,763","17,767"
Sangurigadhi,Rural Municipality,Sāgurīgaḍhī,सागुरीगढी गाउँपालिका,"23,080","21,537","19,561"
Dhanusa,District,Dhanuṣā,धनुषा जिल्ला,"671,364","754,777","867,747"
Aurahi,Rural Municipality,Aurahī,औरही गाउँपालिका,"20,963","22,578","24,053"
Bateshwar,Rural Municipality,Baṭēśvara,बटेश्वर गाउँपालिका,"18,405","21,530","21,742"
Bidehi,Municipality,Vidēha,विदेह नगरपालिका,"31,266","32,266","37,697"
Chhireshwarnath,Municipality,Chirēśvaranātha,छिरेश्वरनाथ नगरपालिका,...,"42,155","51,075"
Dhanauji,Rural Municipality,Dhanaujī,धनौजी गाउँपालिका,"18,964","21,395","21,942"
Dhanushadham,Municipality,Dhanuṣādhāma,धनुषाधाम नगरपालिका,...,"45,585","52,024"
Ganeshman Charnath,Municipality,Gaṇēśamāna Cāranātha,गणेशमान चारनाथ नगरपालिका,...,"36,338","44,082"
Hansapur,Municipality,Haṃsapura,हंसपुर नगरपालिका,...,"38,216","44,949"
Janaknandini,Rural Municipality,Janakanandinī,जनकनन्दिनी गाउँपालिका,"23,716","25,338","28,208"
Janakpur,Sub-Metropolis,Janakapura,जनकपुर उपमहानगरपालिका,...,"162,842","194,556"
Kamala,Municipality,Kamalā,कमला नगरपालिका,"37,723","38,624","44,597"
Lakshminiya,Rural Municipality,Lakṣmīniyā,लक्ष्मीनिया गाउँपालिका,"26,095","28,251","31,881"
Mithila,Municipality,Mithilā,मिथिला नगरपालिका,...,"45,227","48,676"
Mithila Bihari,Municipality,Mithilā Bihārī,मिथिला बिहारी नगरपालिका,...,"33,556","38,273"
Mukhiyapatti Musharmiya,Rural Municipality,Mukhiyāpaṭṭī Musaharamiyā,मुखियापट्टी मुसहरमिया गाउँपालिका,...,"25,482","28,208"
Nagrain,Municipality,Nagarāina,नगराइन नगरपालिका,"33,485","35,583","38,037"
Sabaila,Municipality,Sabailā,सबैला नगरपालिका,...,"52,389","62,282"
Shahidnagar,Municipality,Śahīdanagara,शहीदनगर नगरपालिका,...,"47,422","53,812"
Dolakha,District,Dōlakhā,दोलखा जिल्ला,"204,229","186,557","172,767"
Baiteshwar,Rural Municipality,Vaitēśvara,वैतेश्वर गाउँपालिका,"21,826","19,876","17,896"
Bhimeshwar,Municipality,Bhīmēśvara,भीमेश्वर नगरपालिका,"33,677","33,324","34,712"
Bigu,Rural Municipality,Vigu,विगु गाउँपालिका,"18,536","18,592","16,490"
Gaurishankar,Rural Municipality,Gaurīśaṅkara,गौरीशङ्कर गाउँपालिका,"18,626","17,140","15,995"
Jiri,Municipality,Jirī,जिरी नगरपालिका,...,"15,837","16,109"
Kalinchok,Rural Municipality,Kāliñcōka,कालिञ्चोक गाउँपालिका,"23,274","22,954","21,097"
Melung,Rural Municipality,Mēluṅga,मेलुङ्ग गाउँपालिका,"18,043","20,287","15,893"
Shailung,Rural Municipality,Śailuṅga,शैलुङ्ग गाउँपालिका,"19,561","19,698","17,923"
Tamakoshi,Rural Municipality,Tāmākōśī,तामाकोशी गाउँपालिका,"20,214","18,849","15,163"
Dolpa,District,Ḍōlpā,डोल्पा जिल्ला,"29,545","36,700","42,774"
Chharka Tangsong,Rural Municipality,Chārkā Tāṅasōṅa,छार्का ताङसोङ गाउँपालिका,"1,283","1,451","1,672"
Dolpo Buddha,Rural Municipality,Ḍōlpō Buddha,डोल्पो बुद्ध गाउँपालिका,"1,897","2,137","2,420"
Jagdulla,Rural Municipality,Jagadullā,जगदुल्ला गाउँपालिका,...,"2,322","2,575"
Kaike,Rural Municipality,Kāīkē,काईके गाउँपालिका,...,"3,303","3,965"
Mudkechula,Rural Municipality,Muḍkēculā,मुड्केचुला गाउँपालिका,"3,933","5,165","5,803"
She Phoksundo,Rural Municipality,Śē Phōksunḍō,शे फोक्सुन्डो गाउँपालिका,...,"3,136","3,635"
Thuli Bheri,Municipality,Ṭhūlī Bhērī,ठूली भेरी नगरपालिका,...,"8,571","9,861"
Tripurasundari,Municipality,Tripurāsundarī,त्रिपुरासुन्दरी नगरपालिका,...,"10,615","12,233"
Doti,District,Ḍōṭī,डोटी जिल्ला,"207,066","211,746","204,831"
Aadarsha,Rural Municipality,Ādarśa,आदर्श गाउँपालिका,"24,208","24,482","24,495"
Badikedar,Rural Municipality,Baḍīkēdāra,बडीकेदार गाउँपालिका,"16,572","16,731","14,902"
Bogtan Phudsil,Rural Municipality,Bōgaṭāna Phuḍsila,बोगटान फुड्सिल गाउँपालिका,"19,638","17,906","15,540"
Dipayal Silgadhi,Municipality,Dipāyala Silagaḍhī,दिपायल सिलगढी नगरपालिका,...,"36,038","33,968"
Jorayal,Rural Municipality,Jōrāyala,जोरायल गाउँपालिका,...,"21,296","19,788"
Khaptad National Park,National Park,Khaptaḍa Rāṣṭriya Nikuñja,खप्तड राष्ट्रिय निकुञ्ज,0,0,0
K.I. Singh,Rural Municipality,K.Ī. Siṃha,के.आई.सिंह गाउँपालिका,"21,073","20,903","20,736"
Purbichauki,Rural Municipality,Pūrvīcaukī,पूर्वीचौकी गाउँपालिका,...,"22,489","21,494"
Sayal,Rural Municipality,Sāyala,सायल गाउँपालिका,...,"19,575","20,456"
Shikhar,Municipality,Śikhara,शिखर नगरपालिका,"32,462","32,326","30,399"
East Rukum,District,Purvī Rukuma,पुर्वी रुकुम जिल्ला,"48,051","53,184","56,786"
Bhume,Rural Municipality,Bhūmē,भूमे गाउँपालिका,...,"18,641","19,829"
Dhorpatan Hunting Reserve,Hunting Reserve,Ḍhōrapāṭana Śikāra Ārakṣa,ढोरपाटन शिकार आरक्ष,0,0,0
Putha Uttarganga,Rural Municipality,Puthā Uttaragaṅgā,पुथा उत्तरगंगा गाउँपालिका,"16,842","17,999","18,308"
Sisne,Rural Municipality,Sisnē,सिस्ने गाउँपालिका,...,"16,544","18,534"
Gorkha,District,Gōrakhā,गोरखा जिल्ला,"288,134","271,061","251,027"
Aarughat,Rural Municipality,Ārūghāṭa,आरूघाट गाउँपालिका,"24,337","23,915","21,572"
Ajirkot,Rural Municipality,Ajirakōṭa,अजिरकोट गाउँपालिका,"17,737","15,602","12,832"
Bhimsen,Rural Municipality,Bhimasēnathāpā,भिमसेनथापा गाउँपालिका,"24,885","22,053","16,986"
Chumanuwri,Rural Municipality,Cumanuvrī,चुमनुव्री गाउँपालिका,...,"7,417","5,932"
Dharche,Rural Municipality,Dhārcē,धार्चे गाउँपालिका,"13,553","13,264","14,263"
Gandaki,Rural Municipality,Gaṇḍakī,गण्डकी गाउँपालिका,"25,122","23,262","21,394"
Gorkha,Municipality,Gōrakhā,गोरखा नगरपालिका,"44,433","50,684","52,468"
Palungtar,Municipality,Pāluṅaṭāra,पालुङटार नगरपालिका,"42,117","38,244","37,409"
Shahid Lakhan,Rural Municipality,Śahida Lakhana,शहिद लखन गाउँपालिका,"31,649","27,555","23,076"
Siranchok,Rural Municipality,Sirānacōka,सिरानचोक गाउँपालिका,"28,010","23,666","19,719"
Sulikot,Rural Municipality,Sulīkōṭa,सुलीकोट गाउँपालिका,"27,415","25,399","22,636"
Gulmi,District,Gulmī,गुल्मी जिल्ला,"296,654","280,160","246,494"
Chandrakot,Rural Municipality,Candrakōṭa,चन्द्रकोट गाउँपालिका,"24,502","21,907","18,662"
Chhatrakot,Rural Municipality,Chatrakōṭa,छत्रकोट गाउँपालिका,"23,461","21,504","19,357"
Dhurkot,Rural Municipality,Dhurkōṭa,धुर्कोट गाउँपालिका,...,"22,468","18,814"
Gulmi Darbar,Rural Municipality,Gulmī Darabāra,गुल्मी दरबार गाउँपालिका,"24,373","22,047","19,296"
Isma,Rural Municipality,Īsmā,ईस्मा गाउँपालिका,"21,925","21,030","18,529"
Kaligandaki,Rural Municipality,Kālīgaṇḍakī,कालीगण्डकी गाउँपालिका,"22,140","18,885","15,044"
Madane,Rural Municipality,Madānē,मदाने गाउँपालिका,"21,949","21,948","20,022"
Malika,Rural Municipality,Mālikā,मालिका गाउँपालिका,...,"21,729","20,075"
Musikot,Municipality,Musikōṭa,मुसिकोट नगरपालिका,...,"33,000","28,454"
Resunga,Municipality,Rēsuṅagā,रेसुङगा नगरपालिका,...,"33,225","31,551"
Ruru,Rural Municipality,Rurukṣētra,रुरुक्षेत्र गाउँपालिका,"20,914","18,610","16,597"
Satyawati,Rural Municipality,Satyavatī,सत्यवती गाउँपालिका,"26,932","23,807","19,473"
Humla,District,Humlā,हुम्ला जिल्ला,"40,595","50,858","55,394"
Adanchuli,Rural Municipality,Adānaculī,अदानचुली गाउँपालिका,...,"7,140","8,265"
Chankheli,Rural Municipality,Caṅkhēlī,चंखेली गाउँपालिका,...,"5,541","6,579"
Kharpunath,Rural Municipality,Khārpunātha,खार्पुनाथ गाउँपालिका,"5,139","6,045","6,736"
Namkha,Rural Municipality,Nāmkhā,नाम्खा गाउँपालिका,...,"4,250","3,589"
Sarkegad,Rural Municipality,Sarkēgāḍa,सर्केगाड गाउँपालिका,...,"9,868","10,688"
Simkot,Rural Municipality,Simakōṭa,सिमकोट गाउँपालिका,...,"12,038","11,935"
Tanjakot,Rural Municipality,Tā̃jākōṭa,ताँजाकोट गाउँपालिका,"4,280","5,976","6,092"
Ilam,District,Ilāma,इलाम जिल्ला,"282,806","290,254","279,534"
Chulachuli,Rural Municipality,Culāculī,चुलाचुली गाउँपालिका,...,"21,413","23,157"
Deumai,Municipality,Dēumāī,देउमाई नगरपालिका,...,"32,386","30,969"
Ilam,Municipality,Ilāma,इलाम नगरपालिका,"44,940","49,330","50,085"
Mai,Municipality,Māī,माई नगरपालिका,...,"33,210","30,732"
Maijogmai,Rural Municipality,Māījōgamāī,माईजोगमाई गाउँपालिका,...,"21,064","19,131"
Mangsebung,Rural Municipality,Māṅasēbuṅa,माङसेबुङ गाउँपालिका,"16,028","18,534","16,810"
Phakphokthum,Rural Municipality,Phākaphōkathuma,फाकफोकथुम गाउँपालिका,...,"22,160","19,706"
Rong,Rural Municipality,Rōṅa,रोङ गाउँपालिका,"18,983","19,135","17,367"
Sandakpur,Rural Municipality,Sandakapura,सन्दकपुर गाउँपालिका,...,"16,065","15,444"
Suryodaya,Municipality,Sūryōdaya,सूर्योदय नगरपालिका,...,"56,957","54,727"
Jajarkot,District,Jājarakōṭa,जाजरकोट जिल्ला,"134,868","171,304","189,360"
Barekot,Rural Municipality,Bārēkōṭa,बारेकोट गाउँपालिका,"13,929","18,083","22,005"
Bheri,Municipality,Bhērī,भेरी नगरपालिका,...,"34,713","37,892"
Chhedagad,Municipality,Chēḍāgāḍa,छेडागाड नगरपालिका,...,"35,295","37,877"
Junichande,Rural Municipality,Junīcā̃dē,जुनीचाँदे गाउँपालिका,"16,344","21,733","23,771"
Kuse,Rural Municipality,Kusē,कुसे गाउँपालिका,...,"20,621","23,058"
Nalgad [Triveni Nalgad],Municipality,Nalagāḍa,नलगाड नगरपालिका,"20,065","25,590","28,922"
Shivalaya,Rural Municipality,Śivālaya,शिवालय गाउँपालिका,"12,764","15,269","14,776"
Jhapa,District,Jhāpā,झापा जिल्ला,"688,109","812,650","998,054"
Arjundhara,Municipality,Arjunadhārā,अर्जुनधारा नगरपालिका,"50,513","60,480","84,018"
Bahradashi,Rural Municipality,Bāhradaśī,बाह्रदशी गाउँपालिका,"32,502","33,674","37,946"
Bhadrapur,Municipality,Bhadrapura,भद्रपुर नगरपालिका,"56,841","66,629","70,913"
Birtamod,Municipality,Birtāmōḍa,बिर्तामोड नगरपालिका,"58,001","82,592","116,192"
Buddhashanti,Rural Municipality,Buddhaśānti,बुद्धशान्ति गाउँपालिका,"37,179","41,624","53,010"
Damak,Municipality,Damaka,दमक नगरपालिका,"35,009","75,743","107,227"
Gauradaha,Municipality,Gaurādaha,गौरादह नगरपालिका,"50,793","53,049","60,451"
Gaurigunj,Rural Municipality,Gaurīgañja,गौरीगंज गाउँपालिका,"30,759","33,085","35,506"
Haldibari,Rural Municipality,Haldībārī,हल्दीबारी गाउँपालिका,"28,129","28,951","32,722"
Jhapa,Rural Municipality,Jhāpā,झापा गाउँपालिका,"31,008","34,622","39,302"
Kachankawal,Rural Municipality,Kacanakavala,कचनकवल गाउँपालिका,"30,229","39,593","41,317"
Kamal,Rural Municipality,Kamala,कमल गाउँपालिका,"34,530","44,679","53,894"
Kankai,Municipality,Kanakāī,कनकाई नगरपालिका,"32,801","40,294","53,148"
Mechinagar,Municipality,Mēcīnagara,मेचीनगर नगरपालिका,"97,422","112,997","133,073"
Shivasatakshi,Municipality,Śivasatākṣī,शिवसताक्षी नगरपालिका,"43,632","64,638","74,077"
Jumla,District,Jumlā,जुम्ला जिल्ला,"89,427","108,921","118,349"
Chandannath,Municipality,Candananātha,चन्दननाथ नगरपालिका,...,"20,371","21,036"
Guthichaur,Rural Municipality,Guṭhicaura,गुठिचौर गाउँपालिका,"5,353","9,920","10,922"
Hima,Rural Municipality,Himā,हिमा गाउँपालिका,"4,933","10,553","12,191"
Kankasundari,Rural Municipality,Kanakāsundarī,कनकासुन्दरी गाउँपालिका,"8,419","13,216","13,625"
Patarasi,Rural Municipality,Pātārāsī,पातारासी गाउँपालिका,"11,400","14,608","16,824"
Sinja,Rural Municipality,Siñjā,सिंजा गाउँपालिका,"4,765","12,008","12,556"
Tatopani,Rural Municipality,Tātōpānī,तातोपानी गाउँपालिका,"11,208","14,638","15,575"
Tila,Rural Municipality,Tilā,तिला गाउँपालिका,"11,431","13,607","14,539"
Kailali,District,Kailālī,कैलाली जिल्ला,"616,697","775,709","904,666"
Bardagoriya,Rural Municipality,Bardagōriyā,बर्दगोरिया गाउँपालिका,"24,770","32,683","37,682"
Bhajani,Municipality,Bhajanī,भजनी नगरपालिका,"45,768","52,128","53,494"
Chure,Rural Municipality,Curē,चुरे गाउँपालिका,"16,652","19,157","21,400"
Dhangadhi,Sub-Metropolis,Dhanagaḍhī,धनगढी उपमहानगरपालिका,"105,586","149,818","198,792"
Gauriganga,Municipality,Gaurīgaṅgā,गौरीगङ्गा नगरपालिका,...,"58,286","64,558"
Ghodaghodi,Municipality,Ghōḍāghōḍī,घोडाघोडी नगरपालिका,"55,579","75,965","86,034"
Godawari,Municipality,Gōdāvarī,गोदावरी नगरपालिका,...,"79,686","98,746"
Janaki,Rural Municipality,Jānakī,जानकी गाउँपालिका,"50,114","48,540","49,860"
Joshipur,Rural Municipality,Jōśīpura,जोशीपुर गाउँपालिका,"32,571","36,459","37,187"
Kailari,Rural Municipality,Kailārī,कैलारी गाउँपालिका,...,"47,987","49,917"
Lamkichuha,Municipality,Lamkīcuhā,लम्कीचुहा नगरपालिका,"61,074","76,007","90,971"
Mohanyal,Rural Municipality,Mōhanyāla,मोहन्याल गाउँपालिका,"20,975","22,053","21,082"
Tikapur,Municipality,Ṭīkāpura,टीकापुर नगरपालिका,"59,917","76,940","89,835"
Kalikot,District,Kālikōṭa,कालिकोट जिल्ला,"105,580","136,948","145,292"
Khandachakra,Municipality,Khā̃ḍācakra,खाँडाचक्र नगरपालिका,...,"20,618","22,274"
Mahawai,Rural Municipality,Mahāvai,महावै गाउँपालिका,...,"8,339","8,177"
Narharinath,Rural Municipality,Naraharinātha,नरहरिनाथ गाउँपालिका,"17,006","21,381","22,458"
Pachaljharana,Rural Municipality,Pacālajharanā,पचालझरना गाउँपालिका,...,"12,343","13,687"
Palata,Rural Municipality,Palātā,पलाता गाउँपालिका,"12,101","15,303","17,346"
Raskot,Municipality,Rāskōṭa,रास्कोट नगरपालिका,...,"16,272","17,425"
Sanni Triveni,Rural Municipality,Sānnī Trivēṇī,सान्नी त्रिवेणी गाउँपालिका,...,"12,846","13,491"
Shubha Kalika,Rural Municipality,Śubha Kālīkā,शुभ कालीका गाउँपालिका,...,"14,080","13,773"
Tilagufa,Municipality,Tilāguphā,तिलागुफा नगरपालिका,...,"15,766","16,197"
Kanchanpur [Dodhara Chandani],District,Kañcanapura,कञ्‍चनपुर जिल्ला,"377,899","451,248","513,757"
Bedkot,Municipality,Bēdakōṭa,बेदकोट नगरपालिका,"40,742","49,490","57,680"
Belauri,Municipality,Bēlaurī,बेलौरी नगरपालिका,"45,869","53,609","53,910"
Beldandi,Rural Municipality,Bēlaḍāḍī,बेलडाडी गाउँपालिका,"24,771","21,949","21,888"
Bhimdatta,Municipality,Bhīmadatta,भीमदत्त नगरपालिका,"80,839","106,666","122,320"
Krishnapur,Municipality,Kr̥ṣṇapura,कृष्णपुर नगरपालिका,...,"56,643","71,500"
Laljhadi,Rural Municipality,Lālajhāḍī,लालझाडी गाउँपालिका,...,"22,569","25,037"
Mahakali,Municipality,Mahākālī,महाकाली नगरपालिका,"35,403","39,290","42,974"
Punarbas,Municipality,Punarvāsa,पुनर्वास नगरपालिका,...,"53,672","61,748"
Shuklaphanta,Municipality,Śuklāphā̃ṭā,शुक्लाफाँटा नगरपालिका,...,"47,360","53,969"
Shuklaphanta National Park,National Park,Śuklāphā̃ṭa Rāṣṭriya Nikuñja,शुक्लाफाँट राष्ट्रिय निकुञ्ज,0,0,0
Kapilvastu,District,Kapilavastu,कपिलवस्तु जिल्ला,"481,976","571,936","682,961"
Banganga,Municipality,Vāṇagaṅgā,वाणगंगा नगरपालिका,"63,449","75,354","96,714"
Bijaynagar,Rural Municipality,Vijayanagara,विजयनगर गाउँपालिका,"32,060","37,013","43,291"
Buddhabhumi,Municipality,Buddhavāṭikā,बुद्धवाटिका नगरपालिका,"54,590","65,458","76,507"
Kapilvastu,Municipality,Kapilavastu,कपिलवस्तु नगरपालिका,"68,059","76,894","88,874"
Krishnanagar,Municipality,Kr̥ṣṇanagara,कृष्णनगर नगरपालिका,"52,748","62,422","70,111"
Maharajgunj,Municipality,Mahārājagañja,महाराजगंज नगरपालिका,"46,590","54,901","64,645"
Mayadevi,Rural Municipality,Māyādēvī,मायादेवी गाउँपालिका,"40,894","48,479","55,972"
Shivraj,Municipality,Śivarāja,शिवराज नगरपालिका,"50,886","67,162","84,810"
Shuddhodhan,Rural Municipality,Śuddhōdhana,शुद्धोधन गाउँपालिका,"38,468","45,301","52,861"
Yasodhara,Rural Municipality,Yasōdharā,यसोधरा गाउँपालिका,"33,540","38,952","44,900"
Kaski,District,Kāskī,कास्की जिल्ला,"380,527","492,098","600,051"
Annapurna,Rural Municipality,Annapūrṇa,अन्नपूर्ण गाउँपालिका,...,"23,565","22,099"
Machhapuchchhre,Rural Municipality,Māchāpucchrē,माछापुच्छ्रे गाउँपालिका,"24,765","21,920","22,898"
Madi,Rural Municipality,Mādī,मादी गाउँपालिका,...,"18,153","16,142"
Pokhara,Metropolis,Pōkharā,पोखरा महानगरपालिका,"283,137","413,934","513,504"
Rupa,Rural Municipality,Rūpā,रूपा गाउँपालिका,...,"14,526","14,891"
Kathmandu,District,Kāṭhamāḍaũ,काठमाडौँ जिल्ला,"1,081,845","1,744,240","2,041,587"
Budhanilkantha,Municipality,Buḍhānilakaṇṭha,बुढानिलकण्ठ नगरपालिका,...,"112,281","177,557"
Chandragiri,Municipality,Candrāgirī,चन्द्रागिरी नगरपालिका,"55,032","87,553","136,860"
Dakshinkali,Municipality,Dakṣiṇakālī,दक्षिणकाली नगरपालिका,...,"25,684","26,372"
Gokarneshwar,Municipality,Gōkarṇēśvara,गोकर्णेश्वर नगरपालिका,"57,698","110,452","149,366"
Kageshwari Manohara,Municipality,Kāgēśvarī Manōharā,कागेश्वरी मनोहरा नगरपालिका,"32,077","60,553","130,433"
Kathmandu,Metropolis,Kāṭhamāḍaũ,काठमाडौँ महानगरपालिका,"671,846","1,003,285","862,400"
Kirtipur,Municipality,Kīrtipura,कीर्तिपुर नगरपालिका,"40,835","67,171","81,578"
Nagarjun,Municipality,Nāgārjuna,नागार्जुन नगरपालिका,"33,055","68,863","115,437"
Shankharapur,Municipality,Śaṅkharāpura,शंखरापुर नगरपालिका,"24,260","25,558","29,318"
Tarakeshwar,Municipality,Tārakēśvara,तारकेश्वर नगरपालिका,"37,268","82,060","151,479"
Tokha,Municipality,Ṭōkhā,टोखा नगरपालिका,"42,308","100,780","133,755"
Kavrepalanchok,District,Kābhrēpalāñcōka,काभ्रेपलाञ्चोक जिल्ला,"385,672","381,937","364,039"
Banepa,Municipality,Banēpā,बनेपा नगरपालिका,...,"57,722","67,690"
Bethanchok,Rural Municipality,Bēthānacōka,बेथानचोक गाउँपालिका,...,"15,622","14,959"
Bhumlu,Rural Municipality,Bhumlu,भुम्लु गाउँपालिका,...,"19,298","15,678"
Chaurideurali,Rural Municipality,Cauṃrīdēurālī,चौंरीदेउराली गाउँपालिका,"27,113","21,130","14,076"
Dhulikhel,Municipality,Dhulikhēla,धुलिखेल नगरपालिका,...,"33,981","33,726"
Khanikhola,Rural Municipality,Khānīkhōlā,खानीखोला गाउँपालिका,"14,190","14,398","12,201"
Mahabharat,Rural Municipality,Mahābhārata,महाभारत गाउँपालिका,"18,097","18,283","16,079"
Mandandeupur,Municipality,Maṇḍanadēupura,मण्डनदेउपुर नगरपालिका,...,"32,768","30,381"
Namobuddha,Municipality,Namōbuddha,नमोबुद्ध नगरपालिका,"32,489","29,926","26,160"
Panauti,Municipality,Panautī,पनौती नगरपालिका,...,"47,549","51,504"
Panchkhal,Municipality,Pā̃cakhāla,पाँचखाल नगरपालिका,...,"39,788","35,521"
Roshi,Rural Municipality,Rōśī,रोशी गाउँपालिका,"30,180","28,760","23,790"
Temal,Rural Municipality,Tēmāla,तेमाल गाउँपालिका,"26,362","22,712","16,957"
Khotang,District,Khōṭāṅa,खोटाङ जिल्ला,"231,385","206,312","175,298"
Aiselukharka,Rural Municipality,Aisēlukharka,ऐसेलुखर्क गाउँपालिका,"18,648","16,098","13,217"
Barahapokhari,Rural Municipality,Varāhapōkharī,वराहपोखरी गाउँपालिका,"15,033","14,349","11,397"
Diktel Rupakot Majhuwagadhi,Municipality,Diktēla Rupākōṭa Majhuvāgaḍhī,दिक्तेल रुपाकोट मझुवागढी नगरपालिका,"50,942","47,860","43,008"
Diprung,Rural Municipality,Dipruṅa Cuicummā,दिप्रुङ चुइचुम्मा गाउँपालिका,...,"19,392","16,305"
Halesi Tuwachung,Municipality,Halēsī Tuvācuṅa,हलेसी तुवाचुङ नगरपालिका,"30,863","29,575","27,078"
Jantedhunga,Rural Municipality,Jantēḍhuṅgā,जन्तेढुंगा गाउँपालिका,"17,881","15,519","12,016"
Kepilasgadhi,Rural Municipality,Kēpilāsagaḍhī,केपिलासगढी गाउँपालिका,...,"16,071","13,231"
Khotehang,Rural Municipality,Khōṭēhāṅa,खोटेहाङ गाउँपालिका,"26,327","22,485","16,846"
Rawa Besi [Lamidanda],Rural Municipality,Rāvā Bēsī,रावा बेसी गाउँपालिका,"15,340","13,369","11,199"
Sakela,Rural Municipality,Sākēlā,साकेला गाउँपालिका,"14,185","11,594","9,623"
Lalitpur,District,Lalitapura,ललितपुर जिल्ला,"337,785","468,132","551,667"
Bagmati,Rural Municipality,Bāgamatī,बागमती गाउँपालिका,"14,155","13,049","11,353"
Godawari,Municipality,Gōdāvarī,गोदावरी नगरपालिका,"66,240","80,376","97,633"
Konjyosom,Rural Municipality,Kōnjyōsōma,कोन्ज्योसोम गाउँपालिका,"9,871","9,709","8,989"
Lalitpur,Metropolis,Lalitapura,ललितपुर महानगरपालिका,"200,020","292,848","294,098"
Mahalaxmi,Municipality,Mahālakṣmī,महालक्ष्मी नगरपालिका,"35,802","62,624","123,116"
Mahankal,Rural Municipality,Mahāṅkāla,महाङ्काल गाउँपालिका,"10,539","9,526","8,122"
Lamjung,District,Lamajuṅa,लमजुङ जिल्ला,"177,149","167,724","155,852"
Besishahar,Municipality,Bēsīsahara,बेसीसहर नगरपालिका,...,"40,599","38,232"
Dordi,Rural Municipality,Dōrdī,दोर्दी गाउँपालिका,...,"18,252","16,050"
Dudhpokhari,Rural Municipality,Dūdhapōkharī,दूधपोखरी गाउँपालिका,"13,814","10,975","8,592"
Kwholasothar,Rural Municipality,Kvhōlāsōthāra,क्व्होलासोथार गाउँपालिका,...,"10,067","7,960"
Madhyanepal,Municipality,Madhyanēpāla,मध्यनेपाल नगरपालिका,"25,675","23,474","21,971"
Marsyangdi,Rural Municipality,Marsyāṅadī,मर्स्याङदी गाउँपालिका,"20,475","18,811","17,080"
Rainas,Municipality,Rāīnāsa,राईनास नगरपालिका,"20,161","18,527","17,402"
Sundarbazar,Municipality,Sundarabajāra,सुन्दरबजार नगरपालिका,"26,890","27,019","27,043"
Mahottari,District,Mahōttarī,महोत्तरी जिल्ला,"553,481","627,580","706,994"
Aurahi,Municipality,Aurahī,औरही नगरपालिका,...,"31,851","37,361"
Balwa,Municipality,Balavā,बलवा नगरपालिका,"38,863","42,368","49,473"
Bardibas,Municipality,Bardibāsa,बर्दिबास नगरपालिका,"57,008","64,721","74,361"
Bhangaha,Municipality,Bhãgāhā,भँगाहा नगरपालिका,"42,612","46,832","55,354"
Ekdara,Rural Municipality,Ēkaḍārā,एकडारा गाउँपालिका,"25,195","29,315","31,770"
Gaushala,Municipality,Gauśālā,गौशाला नगरपालिका,"56,182","66,715","72,481"
Jaleshwar,Municipality,Jalēśvara,जलेश्वर नगरपालिका,"51,838","59,261","63,802"
Loharpatti,Municipality,Lōhārapaṭṭī,लोहारपट्टी नगरपालिका,"36,884","39,883","45,773"
Mahottari,Rural Municipality,Mahōttarī,महोत्तरी गाउँपालिका,"26,343","27,430","28,807"
Manra Shisawa,Municipality,Manarā Śisavā,मनरा शिसवा नगरपालिका,"44,263","49,692","52,191"
Matihani,Municipality,Maṭihānī,मटिहानी नगरपालिका,"26,542","31,026","36,136"
Pipra,Rural Municipality,Piparā,पिपरा गाउँपालिका,"32,874","35,524","40,535"
Ramgopalpur,Municipality,Rāmagōpālapura,रामगोपालपुर नगरपालिका,...,"30,412","36,201"
Samsi,Rural Municipality,Sāmsī,साम्सी गाउँपालिका,"29,451","33,803","38,585"
Sonma,Rural Municipality,Sōnamā,सोनमा गाउँपालिका,"31,925","38,747","43,082"
Makwanpur,District,Makavānapura,मकवानपुर जिल्ला,"392,604","420,477","466,073"
Bagmati,Rural Municipality,Bāgmati,बाग्मति गाउँपालिका,"30,677","30,587","30,425"
Bakaiya,Rural Municipality,Bakaiyā,बकैया गाउँपालिका,"39,846","39,642","40,907"
Bhimphedi,Rural Municipality,Bhīmaphēdī,भीमफेदी गाउँपालिका,...,"24,960","21,516"
Chitawan National Park,National Park,Citavana Rāṣṭriya Nikuñja,चितवन राष्ट्रिय निकुञ्ज,0,0,0
Hetauda,Sub-Metropolis,Hēṭauṇḍā,हेटौंडा उपमहानगरपालिका,"129,872","154,660","193,576"
Indrasarowar,Rural Municipality,Indrasarōvara,इन्द्रसरोवर गाउँपालिका,"15,325","13,891","13,534"
Kailash,Rural Municipality,Kailāśa,कैलाश गाउँपालिका,...,"23,922","21,856"
Makawanpurgadhi,Rural Municipality,Makavānapuragaḍhī,मकवानपुरगढी गाउँपालिका,"26,959","25,379","24,461"
Manahari,Rural Municipality,Manaharī,मनहरी गाउँपालिका,...,"39,122","47,353"
Parsa Wildlife Reserve,Wildlife Reserve,Parsā Vanyajantu Ārakṣa,पर्सा वन्यजन्तु आरक्ष,0,0,0
Raksirang,Rural Municipality,Rāksirāṅga,राक्सिराङ्ग गाउँपालिका,"25,675","26,192","25,996"
Thaha,Municipality,Thāhā,थाहा नगरपालिका,"42,230","42,122","38,870"
Manang,District,Manāṅa,मनाङ जिल्ला,"9,587","6,538","5,658"
Chame,Rural Municipality,Cāmē,चामे गाउँपालिका,...,"1,476","1,276"
Manang Ngisyang [Neshyang],Rural Municipality,Manāṅa Ṅisyāṅa,मनाङ ङिस्याङ गाउँपालिका,...,"2,414","1,595"
Narpa Bhumi [Narphu],Rural Municipality,Nārpā Bhūmi,नार्पा भूमि गाउँपालिका,...,554,396
Nasong,Rural Municipality,Nāśōṅa,नाशोङ गाउँपालिका,...,"2,094","1,671"
Morang,District,Mōraṅa,मोरङ जिल्ला,"843,220","965,370","1,148,156"
Belbari,Municipality,Bēlavārī,बेलवारी नगरपालिका,"58,397","65,974","81,771"
Biratnagar,Metropolis,Virāṭanagara,विराटनगर महानगरपालिका,...,"218,526","243,927"
Budhiganga,Rural Municipality,Buḍhīgaṅgā,बुढीगंगा गाउँपालिका,"34,193","41,971","51,497"
Dhanpalthan,Rural Municipality,Dhanapālathāna,धनपालथान गाउँपालिका,"35,217","39,470","45,348"
Gramthan,Rural Municipality,Grāmathāna,ग्रामथान गाउँपालिका,"31,374","32,717","36,024"
Jahada,Rural Municipality,Jahadā,जहदा गाउँपालिका,...,"41,819","47,639"
Kanepokhari,Rural Municipality,Kānēpōkharī,कानेपोखरी गाउँपालिका,"37,359","38,041","43,193"
Katahari,Rural Municipality,Kaṭaharī,कटहरी गाउँपालिका,"32,539","39,775","48,510"
Kerabari,Rural Municipality,Kērāvārī,केरावारी गाउँपालिका,...,"30,918","34,504"
Letang,Municipality,Lēṭāṅa,लेटाङ नगरपालिका,...,"32,782","38,152"
Miklajung,Rural Municipality,Miklājuṅa,मिक्लाजुङ गाउँपालिका,...,"28,709","33,167"
Pathari Shanishchare,Municipality,Patharī Śaniścarē,पथरी शनिश्चरे नगरपालिका,"56,012","61,132","72,451"
Rangeli,Municipality,Raṅgēlī,रंगेली नगरपालिका,"51,186","51,357","57,494"
Ratuwamai,Municipality,Ratuvāmāī,रतुवामाई नगरपालिका,...,"55,418","61,139"
Sunawarshi,Municipality,Sunavarṣi,सुनवर्षि नगरपालिका,...,"51,444","56,034"
Sundarharaicha,Municipality,Sundaraharaicā,सुन्दरहरैचा नगरपालिका,"62,221","80,621","120,213"
Urlabari,Municipality,Urlāvārī,उर्लावारी नगरपालिका,...,"54,696","70,908"
Mugu,District,Mugu,मुगु जिल्ला,"43,937","55,286","64,549"
Chhayanath Rara,Municipality,Chāyā̃nātha Rārā,छायाँनाथ रारा नगरपालिका,...,"20,457","24,527"
Khatyad,Rural Municipality,Khatyāḍa,खत्याड गाउँपालिका,"12,326","17,146","18,832"
Mugum Karmarong,Rural Municipality,Muguma Kārmārōṅga,मुगुम कार्मारोंग गाउँपालिका,"5,105","5,423","6,222"
Soru,Rural Municipality,Sōru,सोरु गाउँपालिका,...,"12,260","14,277"
Mustang,District,Mustāṅa,मुस्ताङ जिल्ला,"14,981","13,452","14,452"
Gharapjhong,Rural Municipality,Gharapajhōṅa,घरपझोङ गाउँपालिका,...,"3,736","3,712"
Lo-Ghekar Damodarkunda [Dalome],Rural Municipality,Lokeghara Dāmodarakuṇḍa,लोकेघर दामोदरकुण्ड गाउँपालिका,...,"1,569","1,292"
Lomanthang,Rural Municipality,Lōmanthāṅa,लोमन्थाङ गाउँपालिका,...,"2,350","1,430"
Thasang,Rural Municipality,Thāsāṅa,थासाङ गाउँपालिका,...,"3,093","2,856"
Varagung Muktikshetra,Rural Municipality,Vārāguṅa Muktikṣētra,वारागुङ मुक्तिक्षेत्र गाउँपालिका,...,"2,704","2,036"
Myagdi,District,Myāgdī,म्याग्दी जिल्ला,"114,447","113,641","107,033"
Annapurna,Rural Municipality,Annapurṇa,अन्नपुर्ण गाउँपालिका,...,"13,337","12,323"
Beni,Municipality,Bēnī,बेनी नगरपालिका,...,"34,878","32,697"
Dhaulagiri,Rural Municipality,Dhavalāgirī,धवलागिरी गाउँपालिका,"14,754","14,112","12,616"
Dhorpatan Hunting Reserve,Hunting Reserve,Ḍhōrapāṭana Śikāra Ārakṣa,ढोरपाटन शिकार आरक्ष,0,0,0
Malika,Rural Municipality,Mālikā,मालिका गाउँपालिका,...,"19,208","18,332"
Mangala,Rural Municipality,Maṅgalā,मंगला गाउँपालिका,...,"16,334","14,688"
Raghuganga,Rural Municipality,Raghugaṅgā,रघुगंगा गाउँपालिका,"17,984","15,772","14,114"
Nawalpur [Nawalparasi East],District,Navalapura,नवलपुर जिल्ला,"272,557","311,604","378,079"
Baudikali,Rural Municipality,Baudīkālī,बौदीकाली गाउँपालिका,...,"15,734","11,338"
Binayi Tribeni,Rural Municipality,Vinayī Trivēṇī,विनयी त्रिवेणी गाउँपालिका,...,"33,119","38,370"
Bulingtar,Rural Municipality,Buliṅaṭāra,बुलिङटार गाउँपालिका,...,"19,122","14,637"
Chitawan National Park,National Park,Citavana Rāṣṭriya Nikuñja,चितवन राष्ट्रिय निकुञ्ज,0,0,0
Devchuli,Municipality,Dēvaculī,देवचुली नगरपालिका,"36,301","42,667","58,003"
Gaindakot,Municipality,Gaiṇḍākōṭa,गैंडाकोट नगरपालिका,"43,060","58,890","79,349"
Hupsekot,Rural Municipality,Hupsēkōṭa,हुप्सेकोट गाउँपालिका,"22,378","25,065","26,583"
Kawasoti,Municipality,Kāvāsōtī,कावासोती नगरपालिका,"51,413","62,583","86,821"
Madhyabindu,Municipality,Madhyabindu,मध्यबिन्दु नगरपालिका,...,"54,424","61,091"
Nuwakot,District,Nuvākōṭa,नुवाकोट जिल्ला,"288,478","277,471","263,391"
Belkotgadhi,Municipality,Bēlakōṭagaḍhī,बेलकोटगढी नगरपालिका,...,"40,706","35,224"
Bidur,Municipality,Bidura,बिदुर नगरपालिका,...,"55,650","59,227"
Dupcheshwar,Rural Municipality,Dupcēśvara,दुप्चेश्वर गाउँपालिका,"21,110","22,106","21,005"
Kakani,Rural Municipality,Kakanī,ककनी गाउँपालिका,...,"26,509","24,504"
Kispang,Rural Municipality,Kispāṅa,किस्पाङ गाउँपालिका,"15,578","14,861","14,235"
Langtang National Park,National Park,Lāṅaṭāṅa Rāṣṭriya Nikuñja,लाङटाङ राष्ट्रिय निकुञ्ज,0,0,0
Likhu,Rural Municipality,Likhu,लिखु गाउँपालिका,...,"16,966","17,728"
Meghang,Rural Municipality,Myagaṅa,म्यगङ गाउँपालिका,"15,194","13,484","12,668"
Panchkanya,Rural Municipality,Pañcakanyā,पञ्चकन्या गाउँपालिका,...,"15,945","13,818"
Shivapuri,Rural Municipality,Śivapurī,शिवपुरी गाउँपालिका,"25,119","20,783","17,203"
Shivapuri Nagarjuna National Park,National Park,Śivapurī Nāgārjuna Rāṣṭriya Nikuñja,शिवपुरी नागार्जुन राष्ट्रिय निकुञ्ज,0,0,0
Suryagadhi,Rural Municipality,Suryagaḍhī,सुर्यगढी गाउँपालिका,"17,328","16,800","14,919"
Tadi,Rural Municipality,Tādī,तादी गाउँपालिका,"18,785","17,942","15,933"
Tarkeshwar,Rural Municipality,Tārakēśvara,तारकेश्वर गाउँपालिका,...,"15,719","14,184"
Okhaldhunga,District,Ōkhalaḍhuṅgā,ओखलढुङ्गा जिल्ला,"156,702","147,984","139,552"
Champadevi,Rural Municipality,Campādēvī,चम्पादेवी गाउँपालिका,"19,058","18,661","16,311"
Chishankhugadhi,Rural Municipality,Ciśaṅkhugaḍhī,चिशंखुगढी गाउँपालिका,"17,978","15,206","13,844"
Khijidemba,Rural Municipality,Khijidēmbā,खिजिदेम्बा गाउँपालिका,...,"15,291","15,559"
Likhu,Rural Municipality,Likhu,लिखु गाउँपालिका,...,"14,057","12,104"
Manebhanjyang,Rural Municipality,Mānēbhañjyāṅa,मानेभञ्ज्याङ गाउँपालिका,"22,094","21,093","19,597"
Molung,Rural Municipality,Mōluṅa,मोलुङ गाउँपालिका,...,"16,274","16,440"
Siddhicharan,Municipality,Siddhicaraṇa,सिद्धिचरण नगरपालिका,...,"28,844","27,351"
Sunkoshi,Rural Municipality,Sunakōśī,सुनकोशी गाउँपालिका,"19,431","18,558","17,783"
Palpa,District,Pālpā,पाल्पा जिल्ला,"268,558","261,180","245,027"
Bagnaskali,Rural Municipality,Baganāsakālī,बगनासकाली गाउँपालिका,...,"21,361","18,497"
Mathagadhi,Rural Municipality,Māthāgaḍhī,माथागढी गाउँपालिका,"25,999","25,017","24,053"
Nisdi,Rural Municipality,Nisdī,निस्दी गाउँपालिका,"23,912","22,611","18,120"
Purbakhola,Rural Municipality,Pūrvakhōlā,पूर्वखोला गाउँपालिका,...,"19,590","16,052"
Rainadevi Chhahara,Rural Municipality,Rainādēvī Chaharā,रैनादेवी छहरा गाउँपालिका,"28,629","26,469","23,149"
Rambha,Rural Municipality,Rambhā,रम्भा गाउँपालिका,...,"20,190","17,155"
Rampur,Municipality,Rāmapura,रामपुर नगरपालिका,"33,480","35,504","40,883"
Ribdikot,Rural Municipality,Ribdīkōṭa,रिब्दीकोट गाउँपालिका,"21,678","18,770","15,473"
Tansen,Municipality,Tānasēna,तानसेन नगरपालिका,...,"52,538","50,792"
Tinau,Rural Municipality,Tināu,तिनाउ गाउँपालिका,"19,163","19,130","17,777"
Panchthar,District,Pā̃cathara,पाँचथर जिल्ला,"202,056","191,817","172,400"
Hilihang,Rural Municipality,Hilihāṅa,हिलिहाङ गाउँपालिका,"25,895","22,954","19,085"
Kummayak,Rural Municipality,Kummāyaka,कुम्मायक गाउँपालिका,"18,591","16,119","12,746"
Miklajung,Rural Municipality,Miklājuṅa,मिक्लाजुङ गाउँपालिका,"27,456","24,656","21,061"
Phalelung,Rural Municipality,Phālēluṅa,फालेलुङ गाउँपालिका,...,"21,884","20,361"
Phalgunanda,Rural Municipality,Phālgunanda,फाल्गुनन्द गाउँपालिका,"25,329","24,233","21,289"
Phidim,Municipality,Phidima,फिदिम नगरपालिका,...,"50,164","48,495"
Tumwewa,Rural Municipality,Tumvēvā,तुम्वेवा गाउँपालिका,"15,028","13,454","11,189"
Yangwarak,Rural Municipality,Yāṅavaraka,याङवरक गाउँपालिका,"19,866","18,353","16,821"
Parasi [Nawalparasi West],District,Parāsī,परासी जिल्ला,"290,313","331,904","386,868"
Bardghat,Municipality,Bardaghāṭa,बर्दघाट नगरपालिका,"55,476","61,675","76,703"
Palhinandan,Rural Municipality,Pālhīnandana,पाल्हीनन्दन गाउँपालिका,...,"35,429","38,186"
Pratappur,Rural Municipality,Pratāpapura,प्रतापपुर गाउँपालिका,...,"45,241","49,897"
Ramgram,Municipality,Rāmagrāma,रामग्राम नगरपालिका,...,"59,828","64,017"
Sarawal,Rural Municipality,Sarāvala,सरावल गाउँपालिका,"33,647","37,418","42,207"
Sunwal,Municipality,Sunavala,सुनवल नगरपालिका,...,"56,423","72,085"
Susta,Rural Municipality,Sustā,सुस्ता गाउँपालिका,...,"35,890","40,655"
Parbat,District,Parvata,पर्वत जिल्ला,"157,826","146,590","130,887"
Bihadi,Rural Municipality,Vihādī,विहादी गाउँपालिका,"15,377","13,409","10,828"
Jaljala,Rural Municipality,Jalajalā,जलजला गाउँपालिका,"21,547","21,527","21,119"
Kushma,Municipality,Kuśmā,कुश्मा नगरपालिका,"38,475","40,374","38,101"
Mahashila,Rural Municipality,Mahāśilā,महाशिला गाउँपालिका,...,"9,858","8,116"
Modi,Rural Municipality,Mōdī,मोदी गाउँपालिका,"24,274","21,312","18,794"
Paiyun,Rural Municipality,Paiyū̃,पैयूँ गाउँपालिका,"17,073","15,381","12,725"
Phalewas,Municipality,Phalēvāsa,फलेवास नगरपालिका,...,"24,729","20,468"
Parsa,District,Parsā,पर्सा जिल्ला,"497,219","601,017","654,471"
Bahudarmai,Municipality,Bahudaramāī,बहुदरमाई नगरपालिका,"32,007","39,673","43,478"
Bindabasini,Rural Municipality,Bindabāsinī,बिन्दबासिनी गाउँपालिका,"19,556","24,468","24,991"
Birgunj,Metropolis,Vīragañja,वीरगंज महानगरपालिका,"194,960","244,086","272,382"
Chhipahrmai,Rural Municipality,Chipaharamāī,छिपहरमाई गाउँपालिका,"21,939","26,684","29,082"
Chitawan National Park,National Park,Citavana Rāṣṭriya Nikuñja,चितवन राष्ट्रिय निकुञ्ज,0,0,0
Dhobini,Rural Municipality,Dhōbīnī,धोबीनी गाउँपालिका,...,"19,911","22,606"
Jagarnathpur,Rural Municipality,Jagaranāthapura,जगरनाथपुर गाउँपालिका,...,"32,674","32,649"
Jira Bhawani,Rural Municipality,Jirā Bhavānī,जिरा भवानी गाउँपालिका,"19,876","22,765","22,677"
Kalikamai,Rural Municipality,Kālikāmāī,कालिकामाई गाउँपालिका,"17,225","21,141","23,480"
Pakahamainpur,Rural Municipality,Pakāhā Mainapura,पकाहा मैनपुर गाउँपालिका,"17,081","20,717","22,585"
Parsagadhi,Municipality,Parsāgaḍhī,पर्सागढी नगरपालिका,"31,948","38,607","41,569"
Paterwa Sugauli,Rural Municipality,Paṭērvā Sugaulī,पटेर्वा सुगौली गाउँपालिका,"19,894","23,917","25,498"
Pokhariya,Municipality,Pōkhariyā,पोखरिया नगरपालिका,...,"32,885","37,675"
Sakhuwa Prasauni,Rural Municipality,Sakhuvā Prasaunī,सखुवा प्रसौनी गाउँपालिका,"28,040","33,092","35,399"
Thori,Rural Municipality,Ṭhōrī,ठोरी गाउँपालिका,"20,651","20,397","17,219"
Pyuthan,District,Pyuṭhāna,प्युठान जिल्ला,"212,484","228,102","232,019"
Airawati,Rural Municipality,Airāvatī,ऐरावती गाउँपालिका,...,"22,392","20,428"
Gaumukhi,Rural Municipality,Gaumukhī,गौमुखी गाउँपालिका,...,"25,421","25,980"
Jhimruk,Rural Municipality,Jhimaruka,झिमरुक गाउँपालिका,...,"27,931","26,130"
Mallarani,Rural Municipality,Mallarānī,मल्लरानी गाउँपालिका,...,"17,686","15,646"
Mandavi,Rural Municipality,Māṇḍavī,माण्डवी गाउँपालिका,...,"15,058","15,863"
Naubahini,Rural Municipality,Nauvahinī,नौवहिनी गाउँपालिका,"26,026","30,310","32,682"
Pyuthan,Municipality,Pyūṭhāna,प्यूठान नगरपालिका,...,"39,460","42,130"
Sarumarani,Rural Municipality,Sarumārānī,सरुमारानी गाउँपालिका,...,"18,657","19,783"
Swargadwari,Municipality,Svargadvārī,स्वर्गद्वारी नगरपालिका,"28,697","31,187","32,037"
Ramechhap,District,Rāmēchāpa,रामेछाप जिल्ला,"212,408","202,646","170,302"
Doramba,Rural Municipality,Dōrambā,दोरम्बा गाउँपालिका,...,"22,773","17,686"
Gokulganga,Rural Municipality,Gōkulagaṅgā,गोकुलगङ्गा गाउँपालिका,"20,700","20,074","17,798"
Khandadevi,Rural Municipality,Khā̃ḍādēvī,खाँडादेवी गाउँपालिका,"27,343","25,786","19,312"
Likhu,Rural Municipality,Likhu,लिखु गाउँपालिका,"24,218","23,135","18,325"
Manthali,Municipality,Manthalī,मन्थली नगरपालिका,"45,048","45,614","39,695"
Ramechhap,Municipality,Rāmēchāpa,रामेछाप नगरपालिका,"30,163","29,469","24,971"
Sunapati,Rural Municipality,Sunāpatī,सुनापती गाउँपालिका,...,"18,148","14,658"
Umakunda,Rural Municipality,Umākuṇḍa,उमाकुण्ड गाउँपालिका,"17,937","17,647","16,590"
Rasuwa,District,Rasuvā,रसुवा जिल्ला,"44,731","43,300","46,689"
Aamachhodingmo [Parbatikunda],Rural Municipality,Āmāchōdiṅmō,आमाछोदिङ्मो गाउँपालिका,...,"5,533","6,673"
Gosaikunda,Rural Municipality,Gōsāīkuṇḍa,गोसाईकुण्ड गाउँपालिका,...,"8,134","7,788"
Kalika,Rural Municipality,Kālikā,कालिका गाउँपालिका,...,"9,502","10,115"
Naukunda,Rural Municipality,Naukuṇḍa,नौकुण्ड गाउँपालिका,...,"11,833","12,344"
Uttargaya,Rural Municipality,Uttaragayā,उत्तरगया गाउँपालिका,...,"8,298","8,555"
Rautahat,District,Rautahaṭa,रौतहट जिल्ला,"545,132","686,722","813,573"
Baudhimai,Municipality,Baudhīmāī,बौधीमाई नगरपालिका,"26,300","33,265","39,325"
Brindawan,Municipality,Br̥ndāvana,बृन्दावन नगरपालिका,"32,092","42,770","49,742"
Chandrapur,Municipality,Candrapura,चन्द्रपुर नगरपालिका,"57,647","72,085","81,807"
Dewahi Gonahi,Municipality,Dēvāhī Gōnāhī,देवाही गोनाही नगरपालिका,"25,408","32,143","38,690"
Durga Bhagwati,Rural Municipality,Durgā Bhagavatī,दुर्गा भगवती गाउँपालिका,"19,301","22,699","22,864"
Gadhimai,Municipality,Gaḍhimāī,गढिमाई नगरपालिका,"33,327","40,410","49,135"
Garuda,Municipality,Garuḍā,गरुडा नगरपालिका,"38,361","50,506","60,857"
Gaur,Municipality,Gaura,गौर नगरपालिका,"25,383","35,370","39,846"
Gujara,Municipality,Gujarā,गुजरा नगरपालिका,"41,483","46,618","54,033"
Ishanath,Municipality,Īśanātha,ईशनाथ नगरपालिका,"34,277","41,435","51,855"
Katahariya,Municipality,Kaṭahariyā,कटहरिया नगरपालिका,"29,642","38,412","45,821"
Madhav Narayan,Municipality,Mādhava Nārāyaṇa,माधव नारायण नगरपालिका,"29,919","35,175","40,894"
Maulapur,Municipality,Maulāpura,मौलापुर नगरपालिका,"20,436","26,424","32,325"
Paroha,Municipality,Parōhā,परोहा नगरपालिका,"29,449","37,453","45,702"
Phatuwabijayapur,Municipality,Phatuvābijayapura,फतुवाबिजयपुर नगरपालिका,"24,548","36,308","42,218"
Rajdevi,Municipality,Rājadēvī,राजदेवी नगरपालिका,...,"30,629","35,658"
Rajpur,Municipality,Rājapura,राजपुर नगरपालिका,"32,782","41,136","54,083"
Yamunamai,Rural Municipality,Yamunāmāī,यमुनामाई गाउँपालिका,...,"23,884","28,414"
Rolpa,District,Rōlpā,रोल्पा जिल्ला,"210,004","224,506","234,793"
Gangadev [Sukidaha],Rural Municipality,Gaṅgādēva,गंगादेव गाउँपालिका,...,"20,009","21,503"
Lungri,Rural Municipality,Luṅagrī,लुङग्री गाउँपालिका,"20,997","23,631","26,325"
Madi,Rural Municipality,Māḍī,माडी गाउँपालिका,...,"17,986","18,056"
Paribartan [Duikholi],Rural Municipality,Parivartana,परिवर्तन गाउँपालिका,"20,123","20,778","21,671"
Rolpa,Municipality,Rōlpā,रोल्पा नगरपालिका,...,"34,347","35,376"
Runtigadhi,Rural Municipality,Runṭīgaḍhī,रुन्टीगढी गाउँपालिका,...,"28,517","28,291"
Sunchhahari,Rural Municipality,Sunachaharī,सुनछहरी गाउँपालिका,...,"16,034","17,241"
Sunilsmriti [Suwarnabati],Rural Municipality,Sunilasmr̥ti,सुनिलस्मृति गाउँपालिका,...,"28,213","30,617"
Thabang,Rural Municipality,Thavāṅa,थवाङ गाउँपालिका,"10,728","10,881","10,851"
Triveni,Rural Municipality,Trivēṇī,त्रिवेणी गाउँपालिका,...,"24,110","23,412"
Rupandehi,District,Rupandēhī,रुपन्देही जिल्ला,"708,419","880,196","1,121,957"
Butwal,Sub-Metropolis,Buṭavala,बुटवल उपमहानगरपालिका,"91,252","141,262","194,335"
Devdaha,Municipality,Dēvadaha,देवदह नगरपालिका,"44,639","53,636","72,457"
Gaidahawa,Rural Municipality,Gaiḍahavā,गैडहवा गाउँपालिका,"40,870","47,624","56,149"
Kanchan,Rural Municipality,Kañcana,कञ्चन गाउँपालिका,"30,434","33,082","42,528"
Kotahimai,Rural Municipality,Kōṭahīmāī,कोटहीमाई गाउँपालिका,"34,859","41,006","45,975"
Lumbini Sanskritik,Municipality,Lumbinī Sā̃skr̥tika,लुम्बिनी साँस्कृतिक नगरपालिका,"61,155","72,647","87,383"
Marchawari,Rural Municipality,Marcavārī,मर्चवारी गाउँपालिका,"31,770","38,783","40,880"
Mayadevi,Rural Municipality,Māyādēvī,मायादेवी गाउँपालिका,"38,647","47,174","56,170"
Omsatiya,Rural Municipality,Ōmasatiyā,ओमसतिया गाउँपालिका,...,"34,226","41,141"
Rohini,Rural Municipality,Rōhiṇī,रोहिणी गाउँपालिका,"33,399","37,217","43,327"
Sainamaina,Municipality,Saināmainā,सैनामैना नगरपालिका,"44,591","57,077","78,393"
Sammarimai,Rural Municipality,Sammarīmāī,सम्मरीमाई गाउँपालिका,"32,141","38,313","43,044"
Shuddhodhan,Rural Municipality,Śuddhōdhana,शुद्धोधन गाउँपालिका,"29,902","34,638","41,907"
Siddharthanagar,Municipality,Siddhārthanagara,सिद्धार्थनगर नगरपालिका,"52,569","64,566","74,436"
Siyari,Rural Municipality,Siyārī,सियारी गाउँपालिका,"33,258","38,507","44,985"
Tilottama,Municipality,Tilōttamā,तिलोत्तमा नगरपालिका,...,"100,438","149,479"
Salyan,District,Salyāna,सल्यान जिल्ला,"213,500","242,444","238,515"
Bagchaur,Municipality,Bāgacaura,बागचौर नगरपालिका,"20,235","34,143","34,021"
Bangad Kupinde,Municipality,Banagāḍa Kupiṇḍē,बनगाड कुपिण्डे नगरपालिका,...,"36,135","32,940"
Chhatreshwari,Rural Municipality,Chatrēśvarī,छत्रेश्वरी गाउँपालिका,"10,985","21,452","21,242"
Darma,Rural Municipality,Dārmā,दार्मा गाउँपालिका,...,"19,966","20,139"
Kalimati,Rural Municipality,Kālimāṭī,कालिमाटी गाउँपालिका,"14,790","23,005","22,206"
Kapurkot,Rural Municipality,Kapurakōṭa,कपुरकोट गाउँपालिका,"16,698","18,273","17,526"
Kumakh,Rural Municipality,Kumākha,कुमाख गाउँपालिका,"22,101","24,988","24,859"
Sharada,Municipality,Śāradā,शारदा नगरपालिका,"29,411","34,242","34,663"
Siddha Kumakh [Dhorchaur],Rural Municipality,Siddha Kumākha,सिद्ध कुमाख गाउँपालिका,"10,082","13,593","13,127"
Triveni,Rural Municipality,Trivēṇī,त्रिवेणी गाउँपालिका,"13,211","16,647","16,664"
Sankhuwasabha,District,Saṅkhuvāsabhā,संखुवासभा जिल्ला,"159,203","158,742","158,041"
Bhotkhola,Rural Municipality,Bhōṭakhōlā,भोटखोला गाउँपालिका,...,"6,576","6,438"
Chainpur,Municipality,Cainapura,चैनपुर नगरपालिका,"28,294","27,462","26,799"
Chichila,Rural Municipality,Cicilā,चिचिला गाउँपालिका,"7,188","7,065","6,577"
Dharmadevi,Municipality,Dharmadēvī,धर्मदेवी नगरपालिका,"19,310","18,235","16,053"
Khandbari,Municipality,Khā̃dabārī,खाँदबारी नगरपालिका,"26,756","31,534","35,565"
Madi,Municipality,Mādī,मादी नगरपालिका,"15,959","14,473","13,273"
Makalu,Rural Municipality,Makālu,मकालु गाउँपालिका,...,"13,572","13,424"
Panchkhapan,Municipality,Pā̃cakhapana,पाँचखपन नगरपालिका,"17,926","17,521","16,348"
Savahapokhari,Rural Municipality,Sabhāpōkharī,सभापोखरी गाउँपालिका,"11,231","10,492","9,970"
Silichong,Rural Municipality,Silīcōṅa,सिलीचोङ गाउँपालिका,...,"11,812","10,296"
Saptari,District,Saptarī,सप्तरी जिल्ला,"570,282","639,284","706,255"
Agnisair Krishnasawaran,Rural Municipality,Agnisāira Kr̥ṣṇāsaravana,अग्निसाइर कृष्णासरवन गाउँपालिका,...,"27,129","31,634"
Balan-Bihul,Rural Municipality,Valāna-Vihula,वलान-विहुल गाउँपालिका,...,"21,842","23,527"
Bishnupur,Rural Municipality,Viṣṇupura,विष्णुपुर गाउँपालिका,...,"23,166","27,703"
Bodebarsain,Municipality,Bōdēbarasāina,बोदेबरसाइन नगरपालिका,...,"43,293","46,017"
Chhinnamasta,Rural Municipality,Chinnamastā,छिन्नमस्ता गाउँपालिका,"25,054","28,437","29,946"
Dakneshwori,Municipality,Ḍāknēśvōrī,डाक्नेश्वोरी नगरपालिका,"39,258","42,833","47,739"
Hanumannagar Kankalini,Municipality,Hanumānanagara Kaṅkālinī,हनुमाननगर कंकालिनी नगरपालिका,"39,199","45,840","52,796"
Kanchanrup,Municipality,Kañcanarūpa,कञ्चनरूप नगरपालिका,"47,099","53,366","58,466"
Khadak,Municipality,Khaḍaka,खडक नगरपालिका,...,"45,428","52,778"
Koshi Tappu Wildlife Reserve,Wildlife Reserve,Kōśī Ṭappu Vanyajantu Ārakṣa,कोशी टप्पु वन्यजन्तु आरक्ष,0,0,0
Mahadeva,Rural Municipality,Mahādēvā,महादेवा गाउँपालिका,"25,419","28,542","30,315"
Rajbiraj,Municipality,Rājavirāja,राजविराज नगरपालिका,...,"68,899","70,803"
Rajgadh [Belhi Chapena],Rural Municipality,Rājagaḍha,राजगढ गाउँपालिका,...,"29,498","32,462"
Rupani,Rural Municipality,Rupanī,रुपनी गाउँपालिका,...,"26,490","29,877"
Saptakoshi,Municipality,Saptakōśī,सप्तकोशी नगरपालिका,"19,197","21,237","23,510"
Shambhunath,Municipality,Śambhunātha,शम्भुनाथ नगरपालिका,"30,746","35,222","39,634"
Surunga,Municipality,Suruṅgā,सुरुङ्गा नगरपालिका,...,"44,222","49,460"
Tilathi Koiladi,Rural Municipality,Tilāṭhī Kōīlāḍī,तिलाठी कोईलाडी गाउँपालिका,...,"31,803","33,658"
Tirhut,Rural Municipality,Tirahuta,तिरहुत गाउँपालिका,"20,780","22,037","24,034"
Sarlahi,District,Sarlāhī,सर्लाही जिल्ला,"635,701","769,729","862,470"
Bagmati,Municipality,Bāgamatī,बागमती नगरपालिका,...,"40,399","47,106"
Balra,Municipality,Balarā,बलरा नगरपालिका,...,"45,194","47,912"
Barhathawa,Municipality,Barahathavā,बरहथवा नगरपालिका,...,"69,822","81,120"
Basbariya,Rural Municipality,Basabarīyā,बसबरीया गाउँपालिका,"18,872","23,568","25,905"
Bishnu,Rural Municipality,Viṣṇu,विष्णु गाउँपालिका,...,"24,748","28,570"
Brahmapuri,Rural Municipality,Brahmapurī,ब्रह्मपुरी गाउँपालिका,"24,905","29,832","31,378"
Chakraghatta,Rural Municipality,Cakraghaṭṭā,चक्रघट्टा गाउँपालिका,"22,951","27,952","29,550"
Chandranagar,Rural Municipality,Candranagara,चन्द्रनगर गाउँपालिका,"26,179","33,345","36,908"
Dhankaul,Rural Municipality,Dhanakaula,धनकौल गाउँपालिका,...,"24,788","27,974"
Godaita,Municipality,Gōḍaiṭā,गोडैटा नगरपालिका,"39,130","47,687","54,270"
Haripur,Municipality,Haripura,हरिपुर नगरपालिका,...,"37,445","43,233"
Haripurwa,Municipality,Haripurvā,हरिपुर्वा नगरपालिका,...,"36,042","38,714"
Hariwan,Municipality,Harivana,हरिवन नगरपालिका,...,"43,924","49,988"
Ishworpur,Municipality,Īśvarapura,ईश्वरपुर नगरपालिका,"51,243","60,000","68,377"
Kaudena,Rural Municipality,Kauḍēnā,कौडेना गाउँपालिका,"21,182","26,085","28,702"
Kawilasi,Municipality,Kavilāsī,कविलासी नगरपालिका,"34,495","42,336","44,204"
Lalbandi,Municipality,Lālabandī,लालबन्दी नगरपालिका,"51,448","59,628","66,419"
Malangwa,Municipality,Malaṅvā,मलङ्वा नगरपालिका,"36,380","46,557","54,550"
Parsa,Rural Municipality,Parsā,पर्सा गाउँपालिका,"16,905","21,650","24,005"
Ramnagar,Rural Municipality,Rāmanagara,रामनगर गाउँपालिका,...,"28,727","31,366"
Sindhuli,District,Sindhulī,सिन्धुली जिल्ला,"279,821","296,192","300,026"
Dudhauli,Municipality,Dudhaulī,दुधौली नगरपालिका,"59,545","65,644","70,207"
Ghyanglekh,Rural Municipality,Ghyāṅalēkha,घ्याङलेख गाउँपालिका,"13,781","13,761","12,652"
Golanjor,Rural Municipality,Gōlanjara,गोलन्जर गाउँपालिका,"19,184","19,490","18,737"
Hariharpurgadhi,Rural Municipality,Hariharapuragaḍhī,हरिहरपुरगढी गाउँपालिका,"26,214","27,727","26,505"
Kamalamai,Municipality,Kamalāmāī,कमलामाई नगरपालिका,"58,485","66,391","71,016"
Marin,Rural Municipality,Mariṇa,मरिण गाउँपालिका,"25,108","27,822","28,808"
Phikkal,Rural Municipality,Phikkala,फिक्कल गाउँपालिका,"16,788","16,968","15,910"
Sunkoshi,Rural Municipality,Sunakōśī,सुनकोशी गाउँपालिका,...,"21,969","18,375"
Tinpatan,Rural Municipality,Tīnapāṭana,तीनपाटन गाउँपालिका,"34,801","36,420","34,889"
Sindhupalchowk,District,Sindhupālcōka,सिन्धुपाल्चोक जिल्ला,"305,857","287,798","262,624"
Bahrabise,Municipality,Bāhrabisē,बाह्रबिसे नगरपालिका,...,"26,960","24,109"
Balephi,Rural Municipality,Balēphī,बलेफी गाउँपालिका,"20,191","19,084","17,085"
Bhotekoshi,Rural Municipality,Bhōṭēkōśī,भोटेकोशी गाउँपालिका,"15,176","16,772","14,318"
Chautara Sangachokgadhi,Municipality,Cautārā Sā̃gācōkagaḍhī,चौतारा साँगाचोकगढी नगरपालिका,"49,159","47,104","42,668"
Helambu,Rural Municipality,Hēlambu,हेलम्बु गाउँपालिका,"19,571","17,964","17,497"
Indrawati,Rural Municipality,Īndrāvatī,ईन्द्रावती गाउँपालिका,"31,177","28,544","25,365"
Jugal,Rural Municipality,Jugala,जुगल गाउँपालिका,"19,837","19,231","18,303"
Lisankhu Pakhar,Rural Municipality,Lisaṅkhu Pākhara,लिसङ्खु पाखर गाउँपालिका,"12,656","15,144","11,750"
Melamchi,Municipality,Mēlamcī,मेलम्ची नगरपालिका,"47,290","45,473","41,063"
Panchpokhari Thangpal,Rural Municipality,Pā̃capōkharī Thāṅapāla,पाँचपोखरी थाङपाल गाउँपालिका,"22,127","20,986","20,997"
Sunkoshi,Rural Municipality,Sunakōśī,सुनकोशी गाउँपालिका,"20,294","17,311","15,176"
Tripurasundari,Rural Municipality,Tripurāsundarī,त्रिपुरासुन्दरी गाउँपालिका,...,"13,225","12,014"
Siraha,District,Sirāhā,सिराहा जिल्ला,"572,399","637,328","739,953"
Arnama,Rural Municipality,Arnamā,अर्नमा गाउँपालिका,"21,158","22,912","27,899"
Aurahi,Rural Municipality,Aurahī,औरही गाउँपालिका,"21,629","23,084","26,478"
Bariyarpatti,Rural Municipality,Bariyārapaṭṭī,बरियारपट्टी गाउँपालिका,"22,317","25,313","29,712"
Bhagwanpur,Rural Municipality,Bhagavānapura,भगवानपुर गाउँपालिका,"17,468","20,999","23,380"
Bishnupur,Rural Municipality,Viṣṇupura,विष्णुपुर गाउँपालिका,"17,144","18,543","22,781"
Dhangadhimai,Municipality,Dhanagaḍhīmāī,धनगढीमाई नगरपालिका,"42,337","47,449","53,355"
Golbazar,Municipality,Gōlabajāra,गोलबजार नगरपालिका,"47,208","52,137","63,885"
Kalyanpur,Municipality,Kalyāṇapura,कल्याणपुर नगरपालिका,"45,812","49,344","58,872"
Karjanha,Municipality,Karjanhā,कर्जन्हा नगरपालिका,"26,346","31,357","38,557"
Lahan,Municipality,Lahāna,लहान नगरपालिका,"81,918","92,040","102,031"
Laksmipur Patari,Rural Municipality,Lakṣmīpura Patārī,लक्ष्मीपुर पतारी गाउँपालिका,...,"28,073","31,118"
Mirchaiya,Municipality,Mircaiyā,मिर्चैया नगरपालिका,...,"49,131","59,425"
Naraha,Rural Municipality,Narahā,नरहा गाउँपालिका,"16,834","19,369","22,760"
Nawarajpur,Rural Municipality,Navarājapura,नवराजपुर गाउँपालिका,"16,636","19,056","20,788"
Sakhuwanankarkatti,Rural Municipality,Sakhuvānānkārakaṭṭī,सखुवानान्कारकट्टी गाउँपालिका,"16,778","18,574","20,844"
Siraha,Municipality,Sirāhā,सिराहा नगरपालिका,"75,171","82,920","95,410"
Sukhipur,Municipality,Sukhipura,सुखिपुर नगरपालिका,"34,771","37,027","42,033"
Solukhumbu,District,Sōlukhumbu,सोलुखुम्बु जिल्ला,"107,686","105,886","104,851"
Dudhkoshi,Rural Municipality,Dudhakōśī,दुधकोशी गाउँपालिका,...,"13,420","12,648"
Khumbu Pasanglhamu,Rural Municipality,Khumbu Pāsāṅalhāmu,खुम्बु पासाङल्हामु गाउँपालिका,...,"9,133","8,720"
Likhupike,Rural Municipality,Likhupikē,लिखुपिके गाउँपालिका,...,"5,534","5,334"
Mahakulung,Rural Municipality,Māhākuluṅa,माहाकुलुङ गाउँपालिका,...,"11,452","11,847"
Nechasalyan,Rural Municipality,Nēcāsalyāna,नेचासल्यान गाउँपालिका,"17,366","16,149","11,381"
Solududhkunda,Municipality,Sōlududhakuṇḍa,सोलुदुधकुण्ड नगरपालिका,...,"20,977","25,678"
Sotang,Rural Municipality,Sōtāṅa,सोताङ गाउँपालिका,...,"9,530","9,025"
Thulung Dudhkoshi,Rural Municipality,Thuluṅa Dudhakōśī,थुलुङ दुधकोशी गाउँपालिका,"20,938","19,691","18,354"
Sunsari,District,Sunasarī,सुनसरी जिल्ला,"625,633","763,487","926,962"
Barah,Municipality,Barāhakṣētra,बराहक्षेत्र नगरपालिका,"71,327","77,604","91,087"
Barju,Rural Municipality,Barju,बर्जु गाउँपालिका,"27,908","31,180","36,249"
Bhokraha,Rural Municipality,Bhōkrāhā Narasiṃha,भोक्राहा नरसिंह गाउँपालिका,"33,928","40,636","49,280"
Dewanganj,Rural Municipality,Dēvānagañja,देवानगञ्ज गाउँपालिका,"31,222","35,283","39,030"
Dharan,Sub-Metropolis,Dharāna,धरान उपमहानगरपालिका,"114,571","141,439","166,531"
Duhabi,Municipality,Duhabī,दुहबी नगरपालिका,"49,008","56,573","66,074"
Gadhi,Rural Municipality,Gaḍhī,गढी गाउँपालिका,"32,498","34,852","38,739"
Harinagara,Rural Municipality,Harinagarā,हरिनगरा गाउँपालिका,"36,190","41,070","49,845"
Inaruwa,Municipality,Inarūvā,इनरूवा नगरपालिका,...,"64,749","74,914"
Itahari,Sub-Metropolis,Iṭaharī,इटहरी उपमहानगरपालिका,"90,364","143,786","197,241"
Koshi,Rural Municipality,Kōśī,कोशी गाउँपालिका,"35,811","43,987","48,804"
Koshi Tappu Wildlife Reserve,Wildlife Reserve,Kōśī Ṭappu Vanyajantu Ārakṣa,कोशी टप्पु वन्यजन्तु आरक्ष,0,0,0
Ramdhuni,Municipality,Rāmadhunī,रामधुनी नगरपालिका,...,"52,328","63,452"
Surkhet,District,Surkhēta,सुर्खेत जिल्ला,"288,527","350,804","415,126"
Barahatal,Rural Municipality,Barāhatāla,बराहताल गाउँपालिका,"24,303","26,820","25,943"
Bheriganga,Municipality,Bhērīgaṅgā,भेरीगंगा नगरपालिका,...,"41,865","48,203"
Birendranagar,Municipality,Vīrēndranagara,वीरेन्द्रनगर नगरपालिका,"67,649","105,107","153,863"
Chaukune,Rural Municipality,Caukunē,चौकुने गाउँपालिका,"23,072","25,240","26,950"
Chingad,Rural Municipality,Ciṅgāḍa,चिङ्गाड गाउँपालिका,"15,633","17,275","15,600"
Gurbhakot,Municipality,Gurbhākōṭa,गुर्भाकोट नगरपालिका,"39,484","44,359","48,216"
Lekbeshi,Municipality,Lēkavēśī,लेकवेशी नगरपालिका,...,"31,583","31,710"
Panchapuri,Municipality,Pañcapurī,पञ्चपुरी नगरपालिका,"26,911","32,236","35,839"
Simta,Rural Municipality,Simtā,सिम्ता गाउँपालिका,...,"26,319","24,083"
Syangja,District,Syāṅjā,स्याङ्जा जिल्ला,"317,320","289,148","253,024"
Aandhikhola,Rural Municipality,Ā̃dhīkhōlā,आँधीखोला गाउँपालिका,...,"16,595","13,094"
Arjunchaupari,Rural Municipality,Arjunacaupārī,अर्जुनचौपारी गाउँपालिका,...,"16,179","14,045"
Bhirkot,Municipality,Bhīrakōṭa,भीरकोट नगरपालिका,...,"25,584","22,645"
Biruwa,Rural Municipality,Biruvā,बिरुवा गाउँपालिका,...,"18,413","14,001"
Chapakot,Municipality,Cāpākōṭa,चापाकोट नगरपालिका,"29,400","26,101","22,969"
Galyang,Municipality,Galyāṅa,गल्याङ नगरपालिका,...,"37,821","31,034"
Harinas,Rural Municipality,Harināsa,हरिनास गाउँपालिका,...,"17,343","13,191"
Kaligandaki,Rural Municipality,Kālīgaṇḍakī,कालीगण्डकी गाउँपालिका,"26,598","21,824","17,955"
Phedikhola,Rural Municipality,Phēdīkhōlā,फेदीखोला गाउँपालिका,"13,885","12,341","10,899"
Putalibazar,Municipality,Putalībajāra,पुतलीबजार नगरपालिका,...,"45,510","41,743"
Waling,Municipality,Vāliṅa,वालिङ नगरपालिका,...,"51,437","50,488"
Tanahun,District,Tanahũ,तनहुँ जिल्ला,"315,237","323,288","321,153"
Anbukhaireni,Rural Municipality,Ā̃bukhairēnī,आँबुखैरेनी गाउँपालिका,"18,489","20,840","22,252"
Bandipur,Rural Municipality,Bandīpura,बन्दीपुर गाउँपालिका,...,"20,077","18,532"
Bhanu,Municipality,Bhānu,भानु नगरपालिका,...,"46,179","42,794"
Bhimad,Municipality,Bhimāda,भिमाद नगरपालिका,...,"31,362","29,248"
Devghat,Rural Municipality,Dēvaghāṭa,देवघाट गाउँपालिका,...,"16,478","14,584"
Ghiring,Rural Municipality,Ghiriṅa,घिरिङ गाउँपालिका,...,"19,318","14,334"
Myagde,Rural Municipality,Myāgdē,म्याग्दे गाउँपालिका,"23,370","22,502","23,578"
Rhishing,Rural Municipality,R̥ṣiṅga,ऋषिङ्ग गाउँपालिका,...,"25,870","17,918"
Shuklagandaki,Municipality,Śuklagaṇḍakī,शुक्लगण्डकी नगरपालिका,...,"49,611","55,620"
Vyas,Municipality,Vyāsa,व्यास नगरपालिका,...,"71,051","78,939"
Taplejung,District,Tāplējuṅa,ताप्लेजुङ जिल्ला,"134,698","127,461","120,590"
Aathrai Tribeni,Rural Municipality,Āṭharāī Trivēṇī,आठराई त्रिवेणी गाउँपालिका,"15,978","13,784","12,296"
Maiwakhola,Rural Municipality,Maivākhōlā,मैवाखोला गाउँपालिका,"12,485","11,094","10,213"
Meringden,Rural Municipality,Mēriṅadēna,मेरिङदेन गाउँपालिका,...,"13,284","11,838"
Mikwakhola,Rural Municipality,Mikvākhōlā,मिक्वाखोला गाउँपालिका,"9,561","9,160","7,964"
Pathibhara Yangwarak,Rural Municipality,Pāthībharā Yāṅavaraka,पाथीभरा याङवरक गाउँपालिका,"15,509","13,591","11,806"
Phaktanglung,Rural Municipality,Phaktāṅaluṅa,फक्ताङलुङ गाउँपालिका,"12,938","12,017","11,791"
Phungling,Municipality,Phuṅaliṅa,फुङलिङ नगरपालिका,"23,651","26,626","28,449"
Sidingwa,Rural Municipality,Sidiṅvā,सिदिङ्वा गाउँपालिका,"13,477","12,099","10,979"
Sirijangha,Rural Municipality,Sirījaṅghā,सिरीजङ्घा गाउँपालिका,"17,134","15,806","14,114"
Tehrathum,District,Tēhrathuma,तेह्रथुम जिल्ला,"113,111","101,577","88,731"
Aathrai,Rural Municipality,Āṭharāī,आठराई गाउँपालिका,"25,374","21,747","18,156"
Chhathar,Rural Municipality,Chathara,छथर गाउँपालिका,"19,398","16,715","14,197"
Laligurans,Municipality,Lālīgurā̃sa,लालीगुराँस नगरपालिका,"18,205","17,000","15,329"
Menchhayayem,Rural Municipality,Mēnchayāyēma,मेन्छयायेम गाउँपालिका,"9,694","8,078","6,678"
Myanglung,Municipality,Myāṅaluṅa,म्याङलुङ नगरपालिका,...,"20,337","18,750"
Phedap,Rural Municipality,Phēdāpa,फेदाप गाउँपालिका,"20,596","17,700","15,169"
Udayapur,District,Udayapura,उदयपुर जिल्ला,"287,689","317,532","340,721"
Belaka,Municipality,Bēlakā,बेलका नगरपालिका,"38,727","42,450","51,043"
Chaudandigadhi,Municipality,Caudaṇḍīgaḍhī,चौदण्डीगढी नगरपालिका,"45,023","48,750","53,631"
Katari,Municipality,Kaṭārī,कटारी नगरपालिका,"50,505","56,545","59,507"
Koshi Tappu Wildlife Reserve,Wildlife Reserve,Kōśī Ṭappu Vanyajantu Ārakṣa,कोशी टप्पु वन्यजन्तु आरक्ष,0,0,0
Limchungbung [Sunkoshi],Rural Municipality,Limcuṅbuṅa,लिम्चुङ्बुङ गाउँपालिका,"13,800","11,992","9,689"
Rautamai,Rural Municipality,Rautāmāī,रौतामाई गाउँपालिका,"23,113","23,481","20,324"
Tapli,Rural Municipality,Tāplī,ताप्ली गाउँपालिका,"14,643","14,567","13,344"
Triyuga,Municipality,Triyugā,त्रियुगा नगरपालिका,"71,131","88,967","102,725"
Udayapurgadhi,Rural Municipality,Udayapuragaḍhī,उदयपुरगढी गाउँपालिका,"29,741","30,780","28,926"
West Rukum,District,Paścima Rukuma,पश्चिम रुकुम जिल्ला,"140,387","155,383","166,740"
Aathbiskot,Municipality,Āṭhavisakōṭa,आठविसकोट नगरपालिका,...,"33,624","35,917"
Banphikot,Rural Municipality,Bā̃phikōṭa,बाँफिकोट गाउँपालिका,...,"18,696","21,033"
Chaurjahari,Municipality,Caurajahārī,चौरजहारी नगरपालिका,...,"27,583","28,956"
Musikot,Municipality,Musikōṭa,मुसिकोट नगरपालिका,...,"33,882","34,270"
Sani Bheri,Rural Municipality,Sānī Bhērī,सानी भेरी गाउँपालिका,...,"22,194","24,759"
Triveni,Rural Municipality,Trivēṇī,त्रिवेणी गाउँपालिका,...,"19,404","20,525"
Nepal,Federal Republic,Nēpāla,नेपाल,"23,151,423","26,494,504","29,164,578"
